-- phpMyAdmin SQL Dump
-- version 4.8.3
-- https://www.phpmyadmin.net/
--
-- Host: 127.0.0.1
-- Generation Time: Nov 12, 2018 at 04:01 PM
-- Server version: 10.1.36-MariaDB
-- PHP Version: 7.2.11

SET SQL_MODE = "NO_AUTO_VALUE_ON_ZERO";
SET AUTOCOMMIT = 0;
START TRANSACTION;
SET time_zone = "+00:00";


/*!40101 SET @OLD_CHARACTER_SET_CLIENT=@@CHARACTER_SET_CLIENT */;
/*!40101 SET @OLD_CHARACTER_SET_RESULTS=@@CHARACTER_SET_RESULTS */;
/*!40101 SET @OLD_COLLATION_CONNECTION=@@COLLATION_CONNECTION */;
/*!40101 SET NAMES utf8mb4 */;

--
-- Database: `db_fissare`
--

-- --------------------------------------------------------

--
-- Table structure for table `r_details`
--

CREATE TABLE `r_details` (
  `rd_id` int(11) NOT NULL,
  `rd_email` varchar(255) NOT NULL,
  `su_id` int(11) NOT NULL,
  `rd_description` varchar(255) NOT NULL,
  `rd_status` int(11) NOT NULL DEFAULT '0'
) ENGINE=InnoDB DEFAULT CHARSET=latin1;

--
-- Dumping data for table `r_details`
--

INSERT INTO `r_details` (`rd_id`, `rd_email`, `su_id`, `rd_description`, `rd_status`) VALUES
(2, 'kingsambo32@gmail.com', 2, 'Patatas Version 2', 1),
(3, 'diannegabriel08@gmail.com', 2, 'engas patch', 1),
(4, 'diannegabriel08@gmail.com', 2, 'engas patch', 1),
(5, 'diannegabriel08@gmail.com', 2, 'engas patch', 1),
(6, 'diannegabriel08@gmail.com', 2, 'engas patch', 1),
(7, 'diannegabriel08@gmail.com', 2, 'engas patch', 1),
(8, 'diannegabriel08@gmail.com', 2, 'engas patch', 1),
(9, 'agnirmichaelian@yahoo.com', 2, 'hi', 0),
(10, 'agnirmichaelian@yahoo.com', 3, 'Sample Text Description', 0);

-- --------------------------------------------------------

--
-- Table structure for table `r_request_error`
--

CREATE TABLE `r_request_error` (
  `rre_id` int(11) NOT NULL,
  `rre_name` varchar(255) NOT NULL,
  `status` int(11) NOT NULL DEFAULT '0',
  `rre_timestamp` timestamp NOT NULL DEFAULT CURRENT_TIMESTAMP ON UPDATE CURRENT_TIMESTAMP
) ENGINE=InnoDB DEFAULT CHARSET=latin1;

--
-- Dumping data for table `r_request_error`
--

INSERT INTO `r_request_error` (`rre_id`, `rre_name`, `status`, `rre_timestamp`) VALUES
(1, 'missing end tag', 0, '2018-09-29 06:31:47');

-- --------------------------------------------------------

--
-- Table structure for table `r_sent_email`
--

CREATE TABLE `r_sent_email` (
  `rse_id` int(11) NOT NULL,
  `rse_filename` varchar(255) NOT NULL,
  `rd_id` int(11) NOT NULL,
  `rse_timestamp` timestamp NOT NULL DEFAULT CURRENT_TIMESTAMP ON UPDATE CURRENT_TIMESTAMP
) ENGINE=InnoDB DEFAULT CHARSET=latin1;

--
-- Dumping data for table `r_sent_email`
--

INSERT INTO `r_sent_email` (`rse_id`, `rse_filename`, `rd_id`, `rse_timestamp`) VALUES
(1, 'd5e25ae70af.pdf', 2, '2018-10-05 14:43:46'),
(2, 'edfc255bec4.pdf', 2, '2018-10-05 15:32:49'),
(3, 'ac86c204780.pdf', 2, '2018-10-05 15:33:18'),
(4, 'dfa71a6f628.pdf', 2, '2018-10-05 15:33:44'),
(5, 'd510aa88508.pdf', 2, '2018-10-05 15:34:11'),
(6, 'Personal Data Sheet.pdf', 2, '2018-10-05 15:35:02'),
(7, 'Personal Data Sheet (1).pdf', 2, '2018-10-05 15:39:21'),
(8, 'CPDprovider_MECHENG-71818.pdf', 2, '2018-10-05 15:40:33'),
(9, 'cebb92b4293.rtf', 2, '2018-10-08 00:55:47'),
(10, '16036.png', 3, '2018-10-13 11:26:10'),
(11, '915acfc497e.png', 4, '2018-10-13 11:26:36'),
(12, '4de0f114338.png', 5, '2018-10-13 12:31:38'),
(13, 'c94b3d54f9d.png', 6, '2018-10-13 12:32:45'),
(14, '69f4d08d7b2.png', 7, '2018-10-13 14:50:22'),
(15, 'b43910e3014.png', 8, '2018-10-13 14:52:05');

-- --------------------------------------------------------

--
-- Table structure for table `r_supported_system`
--

CREATE TABLE `r_supported_system` (
  `rss_id` int(11) NOT NULL,
  `rss_name` varchar(255) NOT NULL,
  `su_id` int(11) NOT NULL,
  `rss_timestamp` timestamp NULL DEFAULT CURRENT_TIMESTAMP ON UPDATE CURRENT_TIMESTAMP
) ENGINE=InnoDB DEFAULT CHARSET=latin1;

--
-- Dumping data for table `r_supported_system`
--

INSERT INTO `r_supported_system` (`rss_id`, `rss_name`, `su_id`, `rss_timestamp`) VALUES
(1, 'Electronic New Government Accounting System (eNGAS)', 2, '2018-11-07 19:59:54'),
(2, 'Electronic Budget System', 2, '2018-11-07 19:59:54'),
(3, 'Unified Reporting System (URS)', 3, '2018-11-07 19:59:54'),
(5, 'Annual Financial Reporting System (AFRS)', 2, '2018-11-07 19:59:54'),
(6, 'Integrated Hospital Operations and Management Information System (iHOMIS)', 12, '2018-11-12 14:49:42'),
(7, 'Budget and Treasury Management System (BTMS)', 3, '2018-11-07 19:59:54'),
(8, 'LGU 360', 3, '2018-11-07 19:59:54'),
(9, 'Enhanced Public Financial Management Assessment Tool for Local Government Units (PFMAT for LGUs) Software', 3, '2018-11-07 19:59:54'),
(10, 'LGU Integrated Financial Tools (LIFT)', 11, '2018-11-12 14:49:06');

-- --------------------------------------------------------

--
-- Table structure for table `sys_user`
--

CREATE TABLE `sys_user` (
  `su_id` int(11) NOT NULL,
  `su_name` varchar(255) NOT NULL,
  `su_agency` int(11) DEFAULT NULL,
  `su_email` varchar(255) NOT NULL,
  `su_contact` varchar(255) NOT NULL,
  `su_address` varchar(255) NOT NULL,
  `su_username` varchar(255) NOT NULL,
  `su_password` varchar(255) NOT NULL,
  `e_password` varchar(255) DEFAULT NULL,
  `sur_id` int(11) NOT NULL,
  `su_profile` varchar(200) DEFAULT 'profile-default.png'
) ENGINE=InnoDB DEFAULT CHARSET=latin1;

--
-- Dumping data for table `sys_user`
--

INSERT INTO `sys_user` (`su_id`, `su_name`, `su_agency`, `su_email`, `su_contact`, `su_address`, `su_username`, `su_password`, `e_password`, `sur_id`, `su_profile`) VALUES
(1, 'Admin', 68, 'admin@gmail.com', '09987654321', 'Quezon City', 'Admin', 'Password', '5f4dcc3b5aa765d61d8327deb882cf99', 1, 'profile-default.png'),
(2, 'Commission on Audit', 143, 'com.on.audit@gmail.com', '9987654321', 'Quezon City', 'coa', 'password', '5f4dcc3b5aa765d61d8327deb882cf99', 2, '250px-Commission_on_Audit.svg.png'),
(3, 'Department of Budget and Management', 369, 'dbm@gmail.com', '1234567891', 'Manila', 'dbm', 'password', '5f4dcc3b5aa765d61d8327deb882cf99', 2, 'download.png'),
(4, 'Department of Justice', 11, 'D.O.J@gmail.com', '3216549873', 'Manila', 'doj', 'password', '5f4dcc3b5aa765d61d8327deb882cf99', 3, '220px-Department_of_Justice_(DOJ).svg.png'),
(11, 'Bureau of Local Government Finance', 364, '', '', 'Manila', 'blgf', 'password', '5f4dcc3b5aa765d61d8327deb882cf99', 2, 'download.jpg'),
(12, 'Department of Health', 56, '', '', 'Manila', 'doh', 'password', '5f4dcc3b5aa765d61d8327deb882cf99', 2, 'download (1).png');

-- --------------------------------------------------------

--
-- Table structure for table `sys_user_role`
--

CREATE TABLE `sys_user_role` (
  `sur_id` int(11) NOT NULL,
  `sur_name` varchar(255) NOT NULL,
  `timestamp` timestamp NOT NULL DEFAULT CURRENT_TIMESTAMP ON UPDATE CURRENT_TIMESTAMP
) ENGINE=InnoDB DEFAULT CHARSET=latin1;

--
-- Dumping data for table `sys_user_role`
--

INSERT INTO `sys_user_role` (`sur_id`, `sur_name`, `timestamp`) VALUES
(1, 'Administrator', '2018-11-05 06:48:58'),
(2, 'Deployment Team', '2018-11-12 14:40:54'),
(3, 'Agency User', '2018-11-12 14:41:02');

-- --------------------------------------------------------

--
-- Table structure for table `tbl_agency`
--

CREATE TABLE `tbl_agency` (
  `agency_id` int(11) NOT NULL,
  `head_agency_name` varchar(255) NOT NULL DEFAULT '',
  `agency_name` varchar(255) NOT NULL,
  `agency_type` int(11) NOT NULL,
  `agency_dateadd` date NOT NULL
) ENGINE=InnoDB DEFAULT CHARSET=latin1;

--
-- Dumping data for table `tbl_agency`
--

INSERT INTO `tbl_agency` (`agency_id`, `head_agency_name`, `agency_name`, `agency_type`, `agency_dateadd`) VALUES
(1, '	Department of Labor and Employment	', '	National Conciliation and Mediation Board	', 1, '2018-11-07'),
(2, '	Department of Labor and Employment	', '	Institute for Labor Studies	', 1, '2018-11-07'),
(3, '	Department of Justice	', '	Office of the Solicitor General	', 1, '2018-11-07'),
(4, '	Department of Justice	', '	Office of the Government Corporate Counsel	', 1, '2018-11-07'),
(5, '	Department of Justice	', '	Public Attorneys Office	', 1, '2018-11-07'),
(6, '	DEPARTMENT OF JUSTICE	', '	Presidential Commission on Good Government	', 1, '2018-11-07'),
(7, '	Department of Justice	', '	Parole and Probation Administration	', 1, '2018-11-07'),
(8, '	Department of Justice	', '	National Bureau of Investigation	', 1, '2018-11-07'),
(9, '	Department of Justice	', '	Land Registration Authority	', 1, '2018-11-07'),
(10, '	Department of Justice	', '	Bureau of Immigration	', 1, '2018-11-07'),
(11, '	Department of Justice	', '	Office of the Secretary	', 1, '2018-11-07'),
(12, '	Department of National Defense	', '	Presidential Security Group	', 1, '2018-11-07'),
(13, '	Department of National Defense	', '	Philippine Military Academy	', 1, '2018-11-07'),
(14, '	Department of National Defense	', '	Philippine Navy	', 1, '2018-11-07'),
(15, '	Department of National Defense	', '	Philippine Army	', 1, '2018-11-07'),
(16, '	Department of National Defense	', '	Philippine Air Force	', 1, '2018-11-07'),
(17, '	Department of National Defense	', '	Veterans Memorial Medical Center	', 1, '2018-11-07'),
(18, '	Department of National Defense	', '	Philippine Veterans Affairs Office	', 1, '2018-11-07'),
(19, '	Department of National Defense	', '	Office of Civil Defense	', 1, '2018-11-07'),
(20, '	Department of National Defense	', '	National Defense College of the Philippines	', 1, '2018-11-07'),
(21, '	Department of National Defense	', '	Office of the Secretary	', 1, '2018-11-07'),
(22, '	Department of the Interior and Local Government	', '	Philippine Public Safety College	', 1, '2018-11-07'),
(23, '	Department of the Interior and Local Government	', '	Philippine National Police	', 1, '2018-11-07'),
(24, '	Department of the Interior and Local Government	', '	National Police Commission	', 1, '2018-11-07'),
(25, '	Department of the Interior and Local Government	', '	Local Government Academy	', 1, '2018-11-07'),
(26, '	Department of the Interior and Local Government	', '	Bureau of Jail Management and Penology	', 1, '2018-11-07'),
(27, '	Department of the Interior and Local Government	', '	Bureau of Fire Protection	', 1, '2018-11-07'),
(28, '	State Universities and Colleges	', '	Agusan Del Sur State College of Agriculture and Technology	', 1, '2018-11-07'),
(29, '	State Universities and Colleges	', '	Tawi -Tawi Regional Agricultural College	', 1, '2018-11-07'),
(30, '	State Universities and Colleges	', '	Sulu State College	', 1, '2018-11-07'),
(31, '	State Universities and Colleges	', '	Adiong Memorial Polytechnic State College	', 1, '2018-11-07'),
(32, '	State Universities and Colleges	', '	University of Southern Mindanao	', 1, '2018-11-07'),
(33, '	State Universities and Colleges	', '	Sultan Kudarat State University	', 1, '2018-11-07'),
(34, '	State Universities and Colleges	', '	Cotabato City State Polytechnic College	', 1, '2018-11-07'),
(35, '	State Universities and Colleges	', '	University of Southeastern Philippines	', 1, '2018-11-07'),
(36, '	State Universities and Colleges	', '	Davao Oriental State College of Science and Technology	', 1, '2018-11-07'),
(37, '	State Universities and Colleges	', '	MSU - Iligan Institute of Technology	', 1, '2018-11-07'),
(38, '	State Universities and Colleges	', '	Camiguin Polytechnic State College	', 1, '2018-11-07'),
(39, '	State Universities and Colleges	', '	Zamboanga State College of Marine Science and Technology	', 1, '2018-11-07'),
(40, '	State Universities and Colleges	', '	Zamboanga City State Polytechnic College	', 1, '2018-11-07'),
(41, '	State Universities and Colleges	', '	Western Mindanao State University	', 1, '2018-11-07'),
(42, '	State Universities and Colleges	', '	Jose Rizal Memorial State College	', 1, '2018-11-07'),
(43, '	State Universities and Colleges	', '	J.H. Cerilles State College	', 1, '2018-11-07'),
(44, '	State Universities and Colleges	', '	Visayas State University	', 1, '2018-11-07'),
(45, '	State Universities and Colleges	', '	University of Eastern Philippines	', 1, '2018-11-07'),
(46, '	State Universities and Colleges	', '	Southern Leyte State University	', 1, '2018-11-07'),
(47, '	State Universities and Colleges	', '	Northwest Samar State University	', 1, '2018-11-07'),
(48, '	State Universities and Colleges	', '	Naval State University	', 1, '2018-11-07'),
(49, '	State Universities and Colleges	', '	Leyte Normal University	', 1, '2018-11-07'),
(50, '	State Universities and Colleges	', '	Eastern Visayas State University	', 1, '2018-11-07'),
(51, '	DEPARTMENT OF FINANCE	', '	Bureau of Treasury (NG)	', 1, '2018-11-07'),
(52, '	DEPARTMENT OF LABOR AND EMPLOYMENT	', '	Overseas Workers Welfare Administration	', 1, '2018-11-07'),
(53, '	DEPARTMENT OF NATIONAL DEFENSE	', '	Armed Forces of the Philippines Commissary and Exchange Service	', 1, '2018-11-07'),
(54, '	Department of National Defense	', '	Armed Forces of the Philippines Health Service Command	', 1, '2018-11-07'),
(55, '	DEPARTMENT OF NATIONAL DEFENSE	', '	AFP Dental Service Center	', 1, '2018-11-07'),
(56, '	Department of Health	', '	Office of the Secretary	', 1, '2018-11-07'),
(57, '	Department of Public Works and Highways	', '	Office of the Secretary	', 1, '2018-11-07'),
(58, '	Department of Social Welfare and Development	', '	Council for the Welfare of Children	', 1, '2018-11-07'),
(59, '	Department of Transportation	', '	Toll Regulatory Board	', 1, '2018-11-07'),
(60, '	Department of Transportation	', '	Philippine Coast Guard	', 1, '2018-11-07'),
(61, '	Department of Transportation	', '	Office for Transportation Security	', 1, '2018-11-07'),
(62, '	Department of Transportation	', '	Office of Transportation Cooperatives	', 1, '2018-11-07'),
(63, '	Department of Transportation	', '	Maritime Industry Authority	', 1, '2018-11-07'),
(64, '	Department of Transportation	', '	Civil Aeronautics Board	', 1, '2018-11-07'),
(65, '	Department of Transportation	', '	Office of the Secretary	', 1, '2018-11-07'),
(66, '	DEPARTMENT OF INFORMATION AND COMMUNICATIONS TECHNOLOGY	', '	National Privacy Commission	', 1, '2018-11-07'),
(67, '	DEPARTMENT OF INFORMATION AND COMMUNICATIONS TECHNOLOGY	', '	National Telecommunications Commission	', 1, '2018-11-07'),
(68, '	DEPARTMENT OF INFORMATION AND COMMUNICATIONS TECHNOLOGY	', '	Office of the Secretary	', 1, '2018-11-07'),
(69, '	Department of Health	', '	National Nutrition Council	', 1, '2018-11-07'),
(70, '	Department of Health	', '	Commission on Population	', 1, '2018-11-07'),
(71, '	State Universities and Colleges	', '	Samar State University	', 1, '2018-11-07'),
(72, '	State Universities and Colleges	', '	Nueva Vizcaya State University	', 1, '2018-11-07'),
(73, '	State Universities and Colleges	', '	Ifugao State University	', 1, '2018-11-07'),
(74, '	State Universities and Colleges	', '	Surigao State College of Technology	', 1, '2018-11-07'),
(75, '	State Universities and Colleges	', '	Mindanao State University System	', 1, '2018-11-07'),
(76, '	State Universities and Colleges	', '	Southern Philippines Agri-Business and Marine and Aquatic School of Technology	', 1, '2018-11-07'),
(77, '	State Universities and Colleges	', '	Davao del Norte State College	', 1, '2018-11-07'),
(78, '	STATE UNIVERSITIES AND COLLEGES	', '	Compostela Valley State College	', 1, '2018-11-07'),
(79, '	State Universities and Colleges	', '	Northwestern Mindanao State College of Science and Technology	', 1, '2018-11-07'),
(80, '	State Universities and Colleges	', '	University of Science and Technology of Southern Philippines - Cagayan De Oro	', 1, '2018-11-07'),
(81, '	State Universities and Colleges	', '	University of Science and Technology of Southern Philippines - Claveria	', 1, '2018-11-07'),
(82, '	State Universities and Colleges	', '	Bukidnon State University	', 1, '2018-11-07'),
(83, '	State Universities and Colleges	', '	Northern Iloilo State University	', 1, '2018-11-07'),
(84, '	State Universities and Colleges	', '	Mindoro State University	', 1, '2018-11-07'),
(85, '	State Universities and Colleges	', '	Pampanga State Agricultural College	', 1, '2018-11-07'),
(86, '	State Universities and Colleges	', '	Quirino State College	', 1, '2018-11-07'),
(87, '	State Universities and Colleges	', '	Southern Luzon State University	', 1, '2018-11-07'),
(88, '	State Universities and Colleges	', '	Polytechnic University of the Philippines	', 1, '2018-11-07'),
(89, '	State Universities and Colleges	', '	Philippine Normal University	', 1, '2018-11-07'),
(90, '	State Universities and Colleges	', '	Tarlac College of Agriculture	', 1, '2018-11-07'),
(91, '	State Universities and Colleges	', '	Iloilo State University of Science and Technology	', 1, '2018-11-07'),
(92, '	DEPARTMENT OF AGRICULTURE	', '	Philippine Fiber Industry Development Authority	', 1, '2018-11-07'),
(93, '	DEPARTMENT OF ENVIRONMENT AND NATURAL RESOURCES	', '	Palawan Council For Sustainable Development Staff	', 1, '2018-11-07'),
(94, '	Department of environment and Natural Resources	', '	National Water Resources Board	', 1, '2018-11-07'),
(95, '	Department of Environment and Natural Resources	', '	National Mapping and Information Authority	', 1, '2018-11-07'),
(96, '	Department of Environment and Natural Resources	', '	Mines and Geo Sciences Bureau	', 1, '2018-11-07'),
(97, '	Department of Environment and Natural Resources	', '	Environmental Management Bureau	', 1, '2018-11-07'),
(98, '	Department of Environment and Natural Resources	', '	Office of the Secretary	', 1, '2018-11-07'),
(99, '	Department of Agriculture	', '	National Tobacco Administration	', 1, '2018-11-07'),
(100, '	DEPARTMENT OF AGRICULTURE	', '	Philippine Council for Agriculture and Fisheries	', 1, '2018-11-07'),
(101, '	Department of Agriculture	', '	Philippine Carabao Center	', 1, '2018-11-07'),
(102, '	Department of Agriculture	', '	Philippine Center for Post Harvest Development and Mechanization	', 1, '2018-11-07'),
(103, '	Department of Agriculture	', '	National Meat Inspection Service	', 1, '2018-11-07'),
(104, '	Department of Agriculture	', '	Bureau of Fisheries and Aquatic Resources	', 1, '2018-11-07'),
(105, '	Department of Agriculture	', '	Agricultural Credit Policy Council	', 1, '2018-11-07'),
(106, '	Department of Agriculture	', '	Office of the Secretary	', 1, '2018-11-07'),
(107, '	Metropolitan Manila Development Authority	', '	Office of the Secretary	', 1, '2018-11-07'),
(108, '	Department of Trade and Industry	', '	Design Center of the Philippines	', 1, '2018-11-07'),
(109, '	Department of Trade and Industry	', '	Philippine Trade Training Center	', 1, '2018-11-07'),
(110, '	Department of Trade and Industry	', '	Intellectual Property Office	', 1, '2018-11-07'),
(111, '	Department of Trade and Industry	', '	Construction Industry Authority of the Philippines	', 1, '2018-11-07'),
(112, '	Department of Trade and Industry	', '	Board of Investments	', 1, '2018-11-07'),
(113, '	Department of Trade and Industry	', '	Office of the Secretary	', 1, '2018-11-07'),
(114, '	Department of Tourism	', '	National Parks Development Committee	', 1, '2018-11-07'),
(115, '	Department of Tourism	', '	Intramuros Administration	', 1, '2018-11-07'),
(116, '	Department of Tourism	', '	Office of the Secretary	', 1, '2018-11-07'),
(117, '	Department of Social Welfare and Development	', '	Juvenile Justice and Welfare Council	', 1, '2018-11-07'),
(118, '	Department of Social Welfare and Development	', '	National Council on Disability Affairs	', 1, '2018-11-07'),
(119, '	Department of Social Welfare and Development	', '	Inter-Country Adoption Board	', 1, '2018-11-07'),
(120, '	Department of Social Welfare and Development	', '	Office of the Secretary	', 1, '2018-11-07'),
(121, '	Department of Science and Technology	', '	Technology Application and Promotion Institute	', 1, '2018-11-07'),
(122, '	Department of Science and Technology	', '	Science and Technology Information Institute	', 1, '2018-11-07'),
(123, '	Department of Science and Technology	', '	Science Education Institute	', 1, '2018-11-07'),
(124, '	Department of Science and Technology	', '	Philippine Textile Research Institute	', 1, '2018-11-07'),
(125, '	Department of Science and Technology	', '	Philippine Science High School	', 1, '2018-11-07'),
(126, '	Department of Science and Technology	', '	Philippine Nuclear Research Institute	', 1, '2018-11-07'),
(127, '	Department of Science and Technology	', '	Philippine Institute of Volcanology and Seismology	', 1, '2018-11-07'),
(128, '	Department of Science and Technology	', '	Philippine Council for Industry, Energy & Emerging Technology Research and Devt.	', 1, '2018-11-07'),
(129, '	Department of Science and Technology	', '	Philippine Council for Health Research and Development	', 1, '2018-11-07'),
(130, '	Department of Science and Technology	', '	Philippine Council for Aquatic, Agriculture and Natural Resources Research and Development	', 1, '2018-11-07'),
(131, '	Department of Science and Technology	', '	Philippine Atmospheric, Geophysical and Astronomical Services Administration	', 1, '2018-11-07'),
(132, '	Department of Science and Technology	', '	National Research Council of the Philippines	', 1, '2018-11-07'),
(133, '	Department of Science and Technology	', '	National Academy of Science and Technology	', 1, '2018-11-07'),
(134, '	Department of Science and Technology	', '	Metals Industry Research and Development Center	', 1, '2018-11-07'),
(135, '	Department of Science and Technology	', '	Industrial Technology Development Institute	', 1, '2018-11-07'),
(136, '	Department of Science and Technology	', '	Forest Products Research and Development Institute	', 1, '2018-11-07'),
(137, '	Department of Science and Technology	', '	Food and Nutrition Research Institute	', 1, '2018-11-07'),
(138, '	Department of Science and Technology	', '	Advanced Science and Technology Institute	', 1, '2018-11-07'),
(139, '	Department of Science and Technology	', '	Office of the Secretary	', 1, '2018-11-07'),
(140, '	Department of Public Works and Highways	', '	Road Board	', 1, '2018-11-07'),
(141, '	Department of Energy	', '	Office of the Secretary	', 1, '2018-11-07'),
(142, '	Department of Agrarian Reform	', '	Office of the Secretary	', 1, '2018-11-07'),
(143, '	COMMISSION ON AUDIT	', '	Commission on Audit	', 1, '2018-11-07'),
(144, '	Commission on Human Rights	', '	Commission on Human Rights	', 1, '2018-11-07'),
(145, '	CIVIL SERVICE COMMISSION	', '	Civil Service Commission	', 1, '2018-11-07'),
(146, '	The Judiciary	', '	Sandiganbayan	', 1, '2018-11-07'),
(147, '	The Judiciary	', '	Court of Tax Appeals	', 1, '2018-11-07'),
(148, '	The Judiciary	', '	Court of Appeals	', 1, '2018-11-07'),
(149, '	The Judiciary	', '	Presidential Electoral Tribunal	', 1, '2018-11-07'),
(150, '	Department of Labor and Employment	', '	Professional Regulation Commission	', 1, '2018-11-07'),
(151, '	Department of Labor and Employment	', '	Philippine Overseas Employment Administration	', 1, '2018-11-07'),
(152, '	Department of Labor and Employment	', '	National Wages and Productivity Commission	', 1, '2018-11-07'),
(153, '	Department of Labor and Employment	', '	National Maritime Polytechnic	', 1, '2018-11-07'),
(154, '	Department of Labor and Employment	', '	National Labor Relations Commission	', 1, '2018-11-07'),
(155, '	Department of Labor and Employment	', '	National Conciliation and Mediation Board	', 1, '2018-11-07'),
(156, '	Department of Labor and Employment	', '	Institute for Labor Studies	', 1, '2018-11-07'),
(157, '	Department of Justice	', '	Office of the Solicitor General	', 1, '2018-11-07'),
(158, '	Department of Justice	', '	Office of the Government Corporate Counsel	', 1, '2018-11-07'),
(159, '	Department of Justice	', '	Public Attorneys Office	', 1, '2018-11-07'),
(160, '	DEPARTMENT OF JUSTICE	', '	Presidential Commission on Good Government	', 1, '2018-11-07'),
(161, '	Department of Justice	', '	Parole and Probation Administration	', 1, '2018-11-07'),
(162, '	Department of Justice	', '	National Bureau of Investigation	', 1, '2018-11-07'),
(163, '	Department of Justice	', '	Land Registration Authority	', 1, '2018-11-07'),
(164, '	Department of Justice	', '	Bureau of Immigration	', 1, '2018-11-07'),
(165, '	Department of Justice	', '	Office of the Secretary	', 1, '2018-11-07'),
(166, '	Department of National Defense	', '	Presidential Security Group	', 1, '2018-11-07'),
(167, '	Department of National Defense	', '	Philippine Military Academy	', 1, '2018-11-07'),
(168, '	Department of National Defense	', '	Philippine Navy	', 1, '2018-11-07'),
(169, '	Department of National Defense	', '	Philippine Army	', 1, '2018-11-07'),
(170, '	Department of National Defense	', '	Philippine Air Force	', 1, '2018-11-07'),
(171, '	Department of National Defense	', '	Veterans Memorial Medical Center	', 1, '2018-11-07'),
(172, '	Department of National Defense	', '	Philippine Veterans Affairs Office	', 1, '2018-11-07'),
(173, '	Department of National Defense	', '	Office of Civil Defense	', 1, '2018-11-07'),
(174, '	Department of National Defense	', '	National Defense College of the Philippines	', 1, '2018-11-07'),
(175, '	Department of National Defense	', '	Office of the Secretary	', 1, '2018-11-07'),
(176, '	Department of the Interior and Local Government	', '	Philippine Public Safety College	', 1, '2018-11-07'),
(177, '	Department of the Interior and Local Government	', '	Philippine National Police	', 1, '2018-11-07'),
(178, '	Department of the Interior and Local Government	', '	National Police Commission	', 1, '2018-11-07'),
(179, '	Department of the Interior and Local Government	', '	Local Government Academy	', 1, '2018-11-07'),
(180, '	Department of the Interior and Local Government	', '	Bureau of Jail Management and Penology	', 1, '2018-11-07'),
(181, '	Department of the Interior and Local Government	', '	Bureau of Fire Protection	', 1, '2018-11-07'),
(182, '	State Universities and Colleges	', '	Agusan Del Sur State College of Agriculture and Technology	', 1, '2018-11-07'),
(183, '	State Universities and Colleges	', '	Tawi -Tawi Regional Agricultural College	', 1, '2018-11-07'),
(184, '	State Universities and Colleges	', '	Sulu State College	', 1, '2018-11-07'),
(185, '	State Universities and Colleges	', '	Adiong Memorial Polytechnic State College	', 1, '2018-11-07'),
(186, '	State Universities and Colleges	', '	University of Southern Mindanao	', 1, '2018-11-07'),
(187, '	State Universities and Colleges	', '	Sultan Kudarat State University	', 1, '2018-11-07'),
(188, '	State Universities and Colleges	', '	Cotabato City State Polytechnic College	', 1, '2018-11-07'),
(189, '	State Universities and Colleges	', '	University of Southeastern Philippines	', 1, '2018-11-07'),
(190, '	State Universities and Colleges	', '	Davao Oriental State College of Science and Technology	', 1, '2018-11-07'),
(191, '	State Universities and Colleges	', '	MSU - Iligan Institute of Technology	', 1, '2018-11-07'),
(192, '	State Universities and Colleges	', '	Camiguin Polytechnic State College	', 1, '2018-11-07'),
(193, '	State Universities and Colleges	', '	Zamboanga State College of Marine Science and Technology	', 1, '2018-11-07'),
(194, '	State Universities and Colleges	', '	Zamboanga City State Polytechnic College	', 1, '2018-11-07'),
(195, '	State Universities and Colleges	', '	Western Mindanao State University	', 1, '2018-11-07'),
(196, '	State Universities and Colleges	', '	Jose Rizal Memorial State College	', 1, '2018-11-07'),
(197, '	State Universities and Colleges	', '	J.H. Cerilles State College	', 1, '2018-11-07'),
(198, '	State Universities and Colleges	', '	Visayas State University	', 1, '2018-11-07'),
(199, '	State Universities and Colleges	', '	University of Eastern Philippines	', 1, '2018-11-07'),
(200, '	State Universities and Colleges	', '	Southern Leyte State University	', 1, '2018-11-07'),
(201, '	State Universities and Colleges	', '	Northwest Samar State University	', 1, '2018-11-07'),
(202, '	State Universities and Colleges	', '	Naval State University	', 1, '2018-11-07'),
(203, '	State Universities and Colleges	', '	Leyte Normal University	', 1, '2018-11-07'),
(204, '	State Universities and Colleges	', '	Eastern Visayas State University	', 1, '2018-11-07'),
(205, '	State Universities and Colleges	', '	Eastern Samar State University	', 1, '2018-11-07'),
(206, '	State Universities and Colleges	', '	Siquijor State College	', 1, '2018-11-07'),
(207, '	State Universities and Colleges	', '	Negros Oriental State University	', 1, '2018-11-07'),
(208, '	State Universities and Colleges	', '	Cebu Technological University	', 1, '2018-11-07'),
(209, '	State Universities and Colleges	', '	Cebu Normal University	', 1, '2018-11-07'),
(210, '	State Universities and Colleges	', '	West Visayas State University	', 1, '2018-11-07'),
(211, '	State Universities and Colleges	', '	University of Antique	', 1, '2018-11-07'),
(212, '	State Universities and Colleges	', '	Northern Negros State College of Science and Technology	', 1, '2018-11-07'),
(213, '	STATE UNIVERSITIES AND COLLEGES	', '	Iloilo Science and Technology University	', 1, '2018-11-07'),
(214, '	State Universities and Colleges	', '	Guimaras State College	', 1, '2018-11-07'),
(215, '	STATE UNIVERSITIES AND COLLEGES	', '	Central Philippines State University	', 1, '2018-11-07'),
(216, '	State Universities and Colleges	', '	Carlos Hilado Memorial State College	', 1, '2018-11-07'),
(217, '	State Universities and Colleges	', '	Capiz State University	', 1, '2018-11-07'),
(218, '	State Universities and Colleges	', '	Sorsogon State College	', 1, '2018-11-07'),
(219, '	State Universities and Colleges	', '	Partido State University	', 1, '2018-11-07'),
(220, '	State Universities and Colleges	', '	Dr. Emilio B. Espinosa, Sr. Memorial State College of Agriculture and Technology	', 1, '2018-11-07'),
(221, '	State Universities and Colleges	', '	Central Bicol State University of Agriculture	', 1, '2018-11-07'),
(222, '	State Universities and Colleges	', '	Catanduanes State College	', 1, '2018-11-07'),
(223, '	State Universities and Colleges	', '	Camarines Sur Polytechnic College	', 1, '2018-11-07'),
(224, '	State Universities and Colleges	', '	Camarines Norte State College	', 1, '2018-11-07'),
(225, '	STATE UNIVERSITIES AND COLLEGES	', '	Bicol State College of Applied Sciences and Technology	', 1, '2018-11-07'),
(226, '	State Universities and Colleges	', '	Bicol University	', 1, '2018-11-07'),
(227, '	State Universities and Colleges	', '	Romblon State University	', 1, '2018-11-07'),
(228, '	State Universities and Colleges	', '	Palawan State University	', 1, '2018-11-07'),
(229, '	State Universities and Colleges	', '	Occidental Mindoro State College	', 1, '2018-11-07'),
(230, '	State Universities and Colleges	', '	Marinduque State College	', 1, '2018-11-07'),
(231, '	State Universities and Colleges	', '	University of Rizal System	', 1, '2018-11-07'),
(232, '	State Universities and Colleges	', '	Laguna State Polytechnic University	', 1, '2018-11-07'),
(233, '	State Universities and Colleges	', '	Cavite State University	', 1, '2018-11-07'),
(234, '	State Universities and Colleges	', '	Batangas State University	', 1, '2018-11-07'),
(235, '	State Universities and Colleges	', '	Ramon Magsaysay Technological University	', 1, '2018-11-07'),
(236, '	State Universities and Colleges	', '	Philippine Merchant Marine Academy	', 1, '2018-11-07'),
(237, '	State Universities and Colleges	', '	Nueva Ecija University of Science and Technology	', 1, '2018-11-07'),
(238, '	State Universities and Colleges	', '	Don Honorio Ventura Technological State University	', 1, '2018-11-07'),
(239, '	State Universities and Colleges	', '	Central Luzon State University	', 1, '2018-11-07'),
(240, '	State Universities and Colleges	', '	Bulacan State University	', 1, '2018-11-07'),
(241, '	State Universities and Colleges	', '	Bataan Peninsula State University	', 1, '2018-11-07'),
(242, '	State Universities and Colleges	', '	Aurora State College of Technology	', 1, '2018-11-07'),
(243, '	State Universities and Colleges	', '	Isabela State University	', 1, '2018-11-07'),
(244, '	State Universities and Colleges	', '	Cagayan State University	', 1, '2018-11-07'),
(245, '	State Universities and Colleges	', '	Batanes State College	', 1, '2018-11-07'),
(246, '	State Universities and Colleges	', '	Mountain Province State Polytechnic College	', 1, '2018-11-07'),
(247, '	State Universities and Colleges	', '	Benguet State University	', 1, '2018-11-07'),
(248, '	State Universities and Colleges	', '	Apayao State College	', 1, '2018-11-07'),
(249, '	State Universities and Colleges	', '	Abra State Institute of Science and Technology	', 1, '2018-11-07'),
(250, '	State Universities and Colleges	', '	University of Northern Philippines	', 1, '2018-11-07'),
(251, '	State Universities and Colleges	', '	Pangasinan State University	', 1, '2018-11-07'),
(252, '	State Universities and Colleges	', '	Mariano Marcos State University	', 1, '2018-11-07'),
(253, '	State Universities and Colleges	', '	North Luzon Philippines State College	', 1, '2018-11-07'),
(254, '	State Universities and Colleges	', '	Ilocos Sur Polytechnic State College	', 1, '2018-11-07'),
(255, '	State Universities and Colleges	', '	University of the Philippines System	', 1, '2018-11-07'),
(256, '	State Universities and Colleges	', '	Technological University of the Philippines	', 1, '2018-11-07'),
(257, '	State Universities and Colleges	', '	Rizal Technological University	', 1, '2018-11-07'),
(258, '	State Universities and Colleges	', '	Philippine State College of Aeronautics	', 1, '2018-11-07'),
(259, '	State Universities and Colleges	', '	Marikina Polytechnic College	', 1, '2018-11-07'),
(260, '	State Universities and Colleges	', '	Eulogio \"Amang\" Rodriguez Institute of Science and Technology	', 1, '2018-11-07'),
(261, '	State Universities and Colleges	', '	Surigao del Sur State University	', 1, '2018-11-07'),
(262, '	State Universities and Colleges	', '	Caraga State University	', 1, '2018-11-07'),
(263, '	State Universities and Colleges	', '	MSU - Tawi-Tawi College of Technology and Oceanography	', 1, '2018-11-07'),
(264, '	State Universities and Colleges	', '	Cotabato Foundation College of Science and Technology	', 1, '2018-11-07'),
(265, '	State Universities and Colleges	', '	Central Mindanao University	', 1, '2018-11-07'),
(266, '	State Universities and Colleges	', '	Palompon Institute of Technology	', 1, '2018-11-07'),
(267, '	State Universities and Colleges	', '	Bohol Island State University	', 1, '2018-11-07'),
(268, '	State Universities and Colleges	', '	Aklan State University	', 1, '2018-11-07'),
(269, '	State Universities and Colleges	', '	Western Philippines University	', 1, '2018-11-07'),
(270, '	State Universities and Colleges	', '	Tarlac State University	', 1, '2018-11-07'),
(271, '	State Universities and Colleges	', '	Bulacan Agricultural State College	', 1, '2018-11-07'),
(272, '	State Universities and Colleges	', '	Kalinga Apayao State College	', 1, '2018-11-07'),
(273, '	State Universities and Colleges	', '	Don Mariano Marcos Memorial State University	', 1, '2018-11-07'),
(274, '	Office of the Ombudsman	', '	Office of the Ombudsman	', 1, '2018-11-07'),
(275, '	The Judiciary	', '	Supreme Court of the Philippines	', 1, '2018-11-07'),
(276, '	CIVIL SERVICE COMMISSION	', '	Career Executive Service Board	', 1, '2018-11-07'),
(277, '	Department of National Defense	', '	General Headquarters-AFP	', 1, '2018-11-07'),
(278, '	Department of National Defense	', '	Veterans Golf Club	', 1, '2018-11-07'),
(279, '	Department of National Defense	', '	Government Arsenal	', 1, '2018-11-07'),
(280, '	Department of Labor and Employment	', '	Office of the Secretary	', 1, '2018-11-07'),
(281, '	Department of Justice	', '	Bureau of Corrections	', 1, '2018-11-07'),
(282, '	Department of the Interior and Local Government	', '	Office of the Secretary	', 1, '2018-11-07'),
(283, '	Department of Education	', '	Philippine High School for the Arts	', 1, '2018-11-07'),
(284, '	Department of Education	', '	National Museum	', 1, '2018-11-07'),
(285, '	Department of Education	', '	National Book Development Board	', 1, '2018-11-07'),
(286, '	Department of Education	', '	National Council for Children Television	', 1, '2018-11-07'),
(287, '	Department of Education	', '	Early Childhood Care Development Council	', 1, '2018-11-07'),
(288, '	Department of Education	', '	Office of the Secretary	', 1, '2018-11-07'),
(289, '	Department of Finance	', '	Bureau of Customs	', 1, '2018-11-07'),
(290, '	State Universities and Colleges	', '	Basilan State College	', 1, '2018-11-07'),
(291, '	AUTONOMOUS REGION IN MUSLIM MINDANAO	', '	Regional Legislative Assembly	', 1, '2018-11-07'),
(292, '	AUTONOMOUS REGION IN MUSLIM MINDANAO	', '	ARMM Social Fund Project	', 1, '2018-11-07'),
(293, '	AUTONOMOUS REGION IN MUSLIM MINDANAO	', '	Office of the Regional Governor	', 1, '2018-11-07'),
(294, '	JOINT LEGISLATIVE - EXECUTIVE COUNCILS	', '	Joint Legislative-Executive Councils	', 1, '2018-11-07'),
(295, '	Congress of the Philippines	', '	House of Representatives Electoral Tribunal	', 1, '2018-11-07'),
(296, '	Congress of the Philippines	', '	House of Representatives	', 1, '2018-11-07'),
(297, '	Congress of the Philippines	', '	Commission on Appointments	', 1, '2018-11-07'),
(298, '	Congress of The Philippines	', '	Senate Electoral Tribunal	', 1, '2018-11-07'),
(299, '	Congress of the Philippines	', '	Senate of the Philippines	', 1, '2018-11-07'),
(300, '	National Economic and Development Authority	', '	Public-Private Partnership Center of the Philippines	', 1, '2018-11-07'),
(301, '	National Economic and Development Authority	', '	Tariff Commission	', 1, '2018-11-07'),
(302, '	National Economic and Development Authority	', '	Philippine Statistical Research and Training Institute	', 1, '2018-11-07'),
(303, '	National Economic and Development Authority	', '	Philippine National Volunteer Service Coordinating Agency	', 1, '2018-11-07'),
(304, '	NATIONAL ECONOMIC AND DEVELOPMENT AUTHORITY	', '	Philippine Statistics Authority	', 1, '2018-11-07'),
(305, '	National Economic and Development Authority	', '	Office of the Director General	', 1, '2018-11-07'),
(306, '	Presidential Communications Operations Office	', '	Presidential Broadcast Staff	', 1, '2018-11-07'),
(307, '	Presidential Communications Operations Office	', '	Philippine Information Agency	', 1, '2018-11-07'),
(308, '	Presidential Communications Operations Office	', '	News and Information Bureau	', 1, '2018-11-07'),
(309, '	Presidential Communications Operations Office	', '	National Printing Office	', 1, '2018-11-07'),
(310, '	Presidential Communications Operations Office	', '	Bureau of Communications Services	', 1, '2018-11-07'),
(311, '	Presidential Communications Operations Office	', '	Bureau of Broadcast Services	', 1, '2018-11-07'),
(312, '	Presidential Communications Operations Office	', '	Presidential Communications Operations Office-Proper	', 1, '2018-11-07'),
(313, '	Other Executive Offices	', '	Presidential Communications Development and Strategic Planning Office	', 1, '2018-11-07'),
(314, '	OTHER EXECUTIVE OFFICES	', '	National Youth Commission	', 1, '2018-11-07'),
(315, '	OTHER EXECUTIVE OFFICES	', '	Cooperative Development Authority	', 1, '2018-11-07'),
(316, '	OTHER EXECUTIVE OFFICES	', '	Technical Education and Skills Development Authority	', 1, '2018-11-07'),
(317, '	Other Executive Offices	', '	Pasig River Rehabilitation Commission	', 1, '2018-11-07'),
(318, '	Other Executive Offices	', '	Presidential Management Staff	', 1, '2018-11-07'),
(319, '	Other Executive Offices	', '	Presidential Legislative Liaison Office	', 1, '2018-11-07'),
(320, '	Other Executive Offices	', '	Presidential Commission for the Urban Poor	', 1, '2018-11-07'),
(321, '	Other Executive Offices	', '	Philippine Sports Commission	', 1, '2018-11-07'),
(322, '	Other Executive Offices	', '	Philippine Racing Commission	', 1, '2018-11-07'),
(323, '	Other Executive Offices	', '	Philippine Drug Enforcement Agency	', 1, '2018-11-07'),
(324, '	OTHER EXECUTIVE OFFICES	', '	Philippine Competition Commission	', 1, '2018-11-07'),
(325, '	OTHER EXECUTIVE OFFICES	', '	Philippine Coconut Authority	', 1, '2018-11-07'),
(326, '	OTHER EXECUTIVE OFFICES	', '	Philippine Commission on Women	', 1, '2018-11-07'),
(327, '	Other Executive Offices	', '	Optical Media Board	', 1, '2018-11-07'),
(328, '	Other Executive Offices	', '	Office of the Presidential Adviser on the Peace Process	', 1, '2018-11-07'),
(329, '	Other Executive Offices	', '	National Security Council	', 1, '2018-11-07'),
(330, '	Other Executive Offices	', '	National Intelligence Coordinating Agency	', 1, '2018-11-07'),
(331, '	Other Executive Offices	', '	National Commission on Muslim Filipinos	', 1, '2018-11-07'),
(332, '	Other Executive Offices	', '	National Historical Commission of the Philippines	', 1, '2018-11-07'),
(333, '	Other Executive Offices	', '	National Archives of the Philippines	', 1, '2018-11-07'),
(334, '	OTHER EXECUTIVE OFFICES	', '	National Commission for Culture and the Arts - National Library of the Philippines	', 1, '2018-11-07'),
(335, '	Other Executive Offices	', '	National Commission for Culture and the Arts - Proper	', 1, '2018-11-07'),
(336, '	Other Executive Offices	', '	National Anti-Poverty Commission	', 1, '2018-11-07'),
(337, '	Other Executive Offices	', '	Movie and Television Review and Classification Board	', 1, '2018-11-07'),
(338, '	Other Executive Offices	', '	Mindanao Development Authority	', 1, '2018-11-07'),
(339, '	Other Executive Offices	', '	Housing And Urban Development Coordinating Council	', 1, '2018-11-07'),
(340, '	Other Executive Offices	', '	Housing and Land Use Regulatory Board	', 1, '2018-11-07'),
(341, '	Other Executive Offices	', '	Governance Commission for Government-Owned or Controlled Corporations	', 1, '2018-11-07'),
(342, '	Other Executive Offices	', '	Games and Amusements Board	', 1, '2018-11-07'),
(343, '	Other Executive Offices	', '	Film Development Council of the Philippines	', 1, '2018-11-07'),
(344, '	OTHER EXECUTIVE OFFICES	', '	Fertilizer and Pesticide Authority	', 1, '2018-11-07'),
(345, '	Other Executive Offices	', '	Energy Regulatory Commission	', 1, '2018-11-07'),
(346, '	Other Executive Offices	', '	Dangerous Drugs Board	', 1, '2018-11-07'),
(347, '	Other Executive Offices	', '	Cultural Center of the Philippines	', 1, '2018-11-07'),
(348, '	Other Executive Offices	', '	Commission on Higher Education	', 1, '2018-11-07'),
(349, '	Other Executive Offices	', '	Commission on Filipinos Overseas	', 1, '2018-11-07'),
(350, '	Other Executive Offices	', '	Commission on Filipino Language	', 1, '2018-11-07'),
(351, '	Other Executive Offices	', '	Climate Change Commission	', 1, '2018-11-07'),
(352, '	Other Executive Offices	', '	Anti-Money Laundering Council	', 1, '2018-11-07'),
(353, '	Department of Foreign Affairs	', '	UNESCO-National Commission of the Phils.	', 1, '2018-11-07'),
(354, '	Department of Foreign Affairs	', '	Technical Cooperative Council of the Phils	', 1, '2018-11-07'),
(355, '	Department of Foreign Affairs	', '	Foreign Service Institute	', 1, '2018-11-07'),
(356, '	Department of Foreign Affairs	', '	Office of the Secretary	', 1, '2018-11-07'),
(357, '	Department of Finance	', '	Securities and Exchange Commission	', 1, '2018-11-07'),
(358, '	Department of Finance	', '	Privatization Management Office	', 1, '2018-11-07'),
(359, '	Department of Finance	', '	National Tax Research Center	', 1, '2018-11-07'),
(360, '	Department of Finance	', '	Municipal Development Fund Office	', 1, '2018-11-07'),
(361, '	Department of Finance	', '	Insurance Commission	', 1, '2018-11-07'),
(362, '	Department of Finance	', '	Central Board of Assessment and Appeals	', 1, '2018-11-07'),
(363, '	Department of Finance	', '	Bureau of the Treasury (Proper)	', 1, '2018-11-07'),
(364, '	Department of Finance	', '	Bureau of Local Government Finance	', 1, '2018-11-07'),
(365, '	Department of Finance	', '	Bureau of Internal Revenue	', 1, '2018-11-07'),
(366, '	Department of Finance	', '	Office of the Secretary	', 1, '2018-11-07'),
(367, '	Department of Budget and Management	', '	Govt Procurement Policy Board-Technical Support Office	', 1, '2018-11-07'),
(368, '	Department of Budget and Management	', '	Procurement Service	', 1, '2018-11-07'),
(369, '	Department of Budget and Management	', '	Office of the Secretary	', 1, '2018-11-07'),
(370, '	OFFICE OF THE PRESIDENT	', '	Davao Integrated Development Program	', 1, '2018-11-07'),
(371, '	Office of the President	', '	Office of the President	', 1, '2018-11-07'),
(372, '	Other Executive Offices	', '	National Commission on Indigenous Peoples	', 1, '2018-11-07'),
(373, '	OFFICE OF THE VICE- PRESIDENT	', '	Office of the Vice-President	', 1, '2018-11-07'),
(374, '	Abra	', '	Province of Abra	', 2, '2018-11-07'),
(375, '	Abra	', '	Municipalities of Bangued	', 2, '2018-11-07'),
(376, '	Abra	', '	Municipalities of Boliney	', 2, '2018-11-07'),
(377, '	Abra	', '	Municipalities of Bucay	', 2, '2018-11-07'),
(378, '	Abra	', '	Municipalities of Bucloc	', 2, '2018-11-07'),
(379, '	Abra	', '	Municipalities of Daguioman	', 2, '2018-11-07'),
(380, '	Abra	', '	Municipalities of Danglas	', 2, '2018-11-07'),
(381, '	Abra	', '	Municipalities of Dolores	', 2, '2018-11-07'),
(382, '	Abra	', '	Municipalities of La Paz	', 2, '2018-11-07'),
(383, '	Abra	', '	Municipalities of Lacub	', 2, '2018-11-07'),
(384, '	Abra	', '	Municipalities of Lagangilang	', 2, '2018-11-07'),
(385, '	Abra	', '	Municipalities of Lagayan	', 2, '2018-11-07'),
(386, '	Abra	', '	Municipalities of Langiden	', 2, '2018-11-07'),
(387, '	Abra	', '	Municipalities of Licuan-Baay (Licuan)	', 2, '2018-11-07'),
(388, '	Abra	', '	Municipalities of Luba	', 2, '2018-11-07'),
(389, '	Abra	', '	Municipalities of Malibcong	', 2, '2018-11-07'),
(390, '	Abra	', '	Municipalities of Manabo	', 2, '2018-11-07'),
(391, '	Abra	', '	Municipalities of Peñarrubia	', 2, '2018-11-07'),
(392, '	Abra	', '	Municipalities of Pidigan	', 2, '2018-11-07'),
(393, '	Abra	', '	Municipalities of Pilar	', 2, '2018-11-07'),
(394, '	Abra	', '	Municipalities of Sallapadan	', 2, '2018-11-07'),
(395, '	Abra	', '	Municipalities of San Isidro	', 2, '2018-11-07'),
(396, '	Abra	', '	Municipalities of San Juan	', 2, '2018-11-07'),
(397, '	Abra	', '	Municipalities of San Quintin	', 2, '2018-11-07'),
(398, '	Abra	', '	Municipalities of Tayum	', 2, '2018-11-07'),
(399, '	Abra	', '	Municipalities of Tineg	', 2, '2018-11-07'),
(400, '	Abra	', '	Municipalities of Tubo	', 2, '2018-11-07'),
(401, '	Abra	', '	Municipalities of Villaviciosa	', 2, '2018-11-07'),
(402, '	Agusan del Norte	', '	Province of Agusan del Norte	', 2, '2018-11-07'),
(403, '	Agusan del Norte	', '	Municipalities of Buenavista	', 2, '2018-11-07'),
(404, '	Agusan del Norte	', '	Municipalities of Carmen	', 2, '2018-11-07'),
(405, '	Agusan del Norte	', '	Municipalities of Jabonga	', 2, '2018-11-07'),
(406, '	Agusan del Norte	', '	Municipalities of Kitcharao	', 2, '2018-11-07'),
(407, '	Agusan del Norte	', '	Municipalities of Las Nieves	', 2, '2018-11-07'),
(408, '	Agusan del Norte	', '	Municipalities of Magallanes	', 2, '2018-11-07'),
(409, '	Agusan del Norte	', '	Municipalities of Nasipit	', 2, '2018-11-07'),
(410, '	Agusan del Norte	', '	Municipalities of Remedios T. Romualdez	', 2, '2018-11-07'),
(411, '	Agusan del Norte	', '	Municipalities of Santiago	', 2, '2018-11-07'),
(412, '	Agusan del Norte	', '	Municipalities of Tubay	', 2, '2018-11-07'),
(413, '	Agusan del Norte	', '	Butuan City	', 2, '2018-11-07'),
(414, '	Agusan del Norte	', '	Cabadbaran City	', 2, '2018-11-07'),
(415, '	Agusan del Sur	', '	Bayugan City	', 2, '2018-11-07'),
(416, '	Agusan del Sur	', '	Municipalities of Bunawan	', 2, '2018-11-07'),
(417, '	Agusan del Sur	', '	Municipalities of Esperanza	', 2, '2018-11-07'),
(418, '	Agusan del Sur	', '	Municipalities of La Paz	', 2, '2018-11-07'),
(419, '	Agusan del Sur	', '	Municipalities of Loreto	', 2, '2018-11-07'),
(420, '	Agusan del Sur	', '	Municipalities of Prosperidad	', 2, '2018-11-07'),
(421, '	Agusan del Sur	', '	Municipalities of Rosario	', 2, '2018-11-07'),
(422, '	Agusan del Sur	', '	Municipalities of San Francisco	', 2, '2018-11-07'),
(423, '	Agusan del Sur	', '	Municipalities of San Luis	', 2, '2018-11-07'),
(424, '	Agusan del Sur	', '	Municipalities of Santa Josefa	', 2, '2018-11-07'),
(425, '	Agusan del Sur	', '	Municipalities of Sibagat	', 2, '2018-11-07'),
(426, '	Agusan del Sur	', '	Municipalities of Talacogon	', 2, '2018-11-07'),
(427, '	Agusan del Sur	', '	Municipalities of Trento	', 2, '2018-11-07'),
(428, '	Agusan del Sur	', '	Municipalities of Veruela	', 2, '2018-11-07'),
(429, '	Agusan del Sur	', '	Province of Agusan del Sur	', 2, '2018-11-07'),
(430, '	Aklan	', '	Province of Aklan	', 2, '2018-11-07'),
(431, '	Aklan	', '	Municipalities of Altavas	', 2, '2018-11-07'),
(432, '	Aklan	', '	Municipalities of Balete	', 2, '2018-11-07'),
(433, '	Aklan	', '	Municipalities of Banga	', 2, '2018-11-07'),
(434, '	Aklan	', '	Municipalities of Batan	', 2, '2018-11-07'),
(435, '	Aklan	', '	Municipalities of Buruanga	', 2, '2018-11-07'),
(436, '	Aklan	', '	Municipalities of Ibajay	', 2, '2018-11-07'),
(437, '	Aklan	', '	Municipalities of Kalibo	', 2, '2018-11-07'),
(438, '	Aklan	', '	Municipalities of Lezo	', 2, '2018-11-07'),
(439, '	Aklan	', '	Municipalities of Libacao	', 2, '2018-11-07'),
(440, '	Aklan	', '	Municipalities of Madalag	', 2, '2018-11-07'),
(441, '	Aklan	', '	Municipalities of Makato	', 2, '2018-11-07'),
(442, '	Aklan	', '	Municipalities of Malay	', 2, '2018-11-07'),
(443, '	Aklan	', '	Municipalities of Malinao	', 2, '2018-11-07'),
(444, '	Aklan	', '	Municipalities of Nabas	', 2, '2018-11-07'),
(445, '	Aklan	', '	Municipalities of New Washington	', 2, '2018-11-07'),
(446, '	Aklan	', '	Municipalities of Numancia	', 2, '2018-11-07'),
(447, '	Aklan	', '	Municipalities of Tangalan	', 2, '2018-11-07'),
(448, '	Albay	', '	Municipalities of Bacacay	', 2, '2018-11-07'),
(449, '	Albay	', '	Municipalities of Camalig	', 2, '2018-11-07'),
(450, '	Albay	', '	Municipalities of Daraga	', 2, '2018-11-07'),
(451, '	Albay	', '	Municipalities of Guinobatan	', 2, '2018-11-07'),
(452, '	Albay	', '	Municipalities of Jovellar	', 2, '2018-11-07'),
(453, '	Albay	', '	Municipalities of Libon	', 2, '2018-11-07'),
(454, '	Albay	', '	Municipalities of Malilipot	', 2, '2018-11-07'),
(455, '	Albay	', '	Municipalities of Malinao	', 2, '2018-11-07'),
(456, '	Albay	', '	Municipalities of Manito	', 2, '2018-11-07'),
(457, '	Albay	', '	Municipalities of Oas	', 2, '2018-11-07'),
(458, '	Albay	', '	Municipalities of Pio Duran	', 2, '2018-11-07'),
(459, '	Albay	', '	Municipalities of Polangui	', 2, '2018-11-07'),
(460, '	Albay	', '	Municipalities of Rapu-Rapu	', 2, '2018-11-07'),
(461, '	Albay	', '	Municipalities of Sto. Domingo	', 2, '2018-11-07'),
(462, '	Albay	', '	Municipalities of Tiwi	', 2, '2018-11-07'),
(463, '	Albay	', '	Legazpi City	', 2, '2018-11-07'),
(464, '	Albay	', '	Ligao City	', 2, '2018-11-07'),
(465, '	Albay	', '	Tabaco City	', 2, '2018-11-07'),
(466, '	Albay	', '	Province of Albay	', 2, '2018-11-07'),
(467, '	Antique	', '	Province of Antique	', 2, '2018-11-07'),
(468, '	Antique	', '	Municipalities of Anini-y	', 2, '2018-11-07'),
(469, '	Antique	', '	Municipalities of Barbaza	', 2, '2018-11-07'),
(470, '	Antique	', '	Municipalities of Belison	', 2, '2018-11-07'),
(471, '	Antique	', '	Municipalities of Bugasong	', 2, '2018-11-07'),
(472, '	Antique	', '	Municipalities of Caluya	', 2, '2018-11-07'),
(473, '	Antique	', '	Municipalities of Culasi	', 2, '2018-11-07'),
(474, '	Antique	', '	Municipalities of Hamtic	', 2, '2018-11-07'),
(475, '	Antique	', '	Municipalities of Laua-an	', 2, '2018-11-07'),
(476, '	Antique	', '	Municipalities of Libertad	', 2, '2018-11-07'),
(477, '	Antique	', '	Municipalities of Pandan	', 2, '2018-11-07'),
(478, '	Antique	', '	Municipalities of Patnongon	', 2, '2018-11-07'),
(479, '	Antique	', '	Municipalities of San Jose de Buenavista	', 2, '2018-11-07'),
(480, '	Antique	', '	Municipalities of San Remigio	', 2, '2018-11-07'),
(481, '	Antique	', '	Municipalities of Sebaste	', 2, '2018-11-07'),
(482, '	Antique	', '	Municipalities of Sibalom	', 2, '2018-11-07'),
(483, '	Antique	', '	Municipalities of Tibiao	', 2, '2018-11-07'),
(484, '	Antique	', '	Municipalities of Tobias Fornier	', 2, '2018-11-07'),
(485, '	Antique	', '	Municipalities of Valderrama	', 2, '2018-11-07'),
(486, '	Apayao	', '	Province of Apayao	', 2, '2018-11-07'),
(487, '	Apayao	', '	Municipalities of Calanasan (Bayag)	', 2, '2018-11-07'),
(488, '	Apayao	', '	Municipalities of Conner	', 2, '2018-11-07'),
(489, '	Apayao	', '	Municipalities of Flora	', 2, '2018-11-07'),
(490, '	Apayao	', '	Municipalities of Kabugao	', 2, '2018-11-07'),
(491, '	Apayao	', '	Municipalities of Luna (Macatel)	', 2, '2018-11-07'),
(492, '	Apayao	', '	Municipalities of Pudtol	', 2, '2018-11-07'),
(493, '	Apayao	', '	Municipalities of Santa Marcela	', 2, '2018-11-07'),
(494, '	Aurora	', '	Province of Aurora	', 2, '2018-11-07'),
(495, '	Aurora	', '	Municipalities of Baler	', 2, '2018-11-07'),
(496, '	Aurora	', '	Municipalities of Casiguran	', 2, '2018-11-07'),
(497, '	Aurora	', '	Municipalities of Dilasag	', 2, '2018-11-07'),
(498, '	Aurora	', '	Municipalities of Dinalungan	', 2, '2018-11-07'),
(499, '	Aurora	', '	Municipalities of Dingalan	', 2, '2018-11-07'),
(500, '	Aurora	', '	Municipalities of Dipaculao	', 2, '2018-11-07'),
(501, '	Aurora	', '	Municipalities of Maria Aurora	', 2, '2018-11-07'),
(502, '	Aurora	', '	Municipalities of San Luis	', 2, '2018-11-07'),
(503, '	Basilan	', '	Province of Basilan	', 2, '2018-11-07'),
(504, '	Basilan	', '	Isabela City	', 2, '2018-11-07'),
(505, '	Basilan	', '	Lamitan City	', 2, '2018-11-07'),
(506, '	Basilan	', '	Municipalities of Sumisip	', 2, '2018-11-07'),
(507, '	Basilan	', '	Municipalities of Maluso	', 2, '2018-11-07'),
(508, '	Basilan	', '	Municipalities of Lantawan	', 2, '2018-11-07'),
(509, '	Basilan	', '	Municipalities of Al-Barka	', 2, '2018-11-07'),
(510, '	Basilan	', '	Municipalities of Tuburan	', 2, '2018-11-07'),
(511, '	Basilan	', '	Municipalities of Tabuan-Lasa	', 2, '2018-11-07'),
(512, '	Basilan	', '	Municipalities of Ungkaya Pukan	', 2, '2018-11-07'),
(513, '	Basilan	', '	Municipalities of Tipo-Tipo	', 2, '2018-11-07'),
(514, '	Basilan	', '	Municipalities of Hadji Mohammad Ajul	', 2, '2018-11-07'),
(515, '	Basilan	', '	Municipalities of Akbar	', 2, '2018-11-07'),
(516, '	Basilan	', '	Municipalities of Hadji Muhtamad	', 2, '2018-11-07'),
(517, '	Bataan	', '	Province of Bataan	', 2, '2018-11-07'),
(518, '	Bataan	', '	Balanga City	', 2, '2018-11-07'),
(519, '	Bataan	', '	Municipalities of Abucay	', 2, '2018-11-07'),
(520, '	Bataan	', '	Municipalities of Bagac	', 2, '2018-11-07'),
(521, '	Bataan	', '	Municipalities of Dinalupihan	', 2, '2018-11-07'),
(522, '	Bataan	', '	Municipalities of Hermosa	', 2, '2018-11-07'),
(523, '	Bataan	', '	Municipalities of Limay	', 2, '2018-11-07'),
(524, '	Bataan	', '	Municipalities of Mariveles	', 2, '2018-11-07'),
(525, '	Bataan	', '	Municipalities of Morong	', 2, '2018-11-07'),
(526, '	Bataan	', '	Municipalities of Orani	', 2, '2018-11-07'),
(527, '	Bataan	', '	Municipalities of Orion	', 2, '2018-11-07'),
(528, '	Bataan	', '	Municipalities of Pilar	', 2, '2018-11-07'),
(529, '	Bataan	', '	Municipalities of Samal	', 2, '2018-11-07'),
(530, '	Batanes	', '	Municipalities of Basco	', 2, '2018-11-07'),
(531, '	Batanes	', '	Municipalities of Itbayat	', 2, '2018-11-07'),
(532, '	Batanes	', '	Municipalities of Ivana	', 2, '2018-11-07'),
(533, '	Batanes	', '	Municipalities of Mahatao	', 2, '2018-11-07'),
(534, '	Batanes	', '	Municipalities of Sabtang	', 2, '2018-11-07'),
(535, '	Batanes	', '	Municipalities of Uyugan	', 2, '2018-11-07'),
(536, '	Batanes	', '	Province of Batanes	', 2, '2018-11-07'),
(537, '	Batangas	', '	Province of Batangas	', 2, '2018-11-07'),
(538, '	Batangas	', '	Batangas City	', 2, '2018-11-07'),
(539, '	Batangas	', '	Lipa City	', 2, '2018-11-07'),
(540, '	Batangas	', '	Tanauan City	', 2, '2018-11-07'),
(541, '	Batangas	', '	Municipalities of Agoncillo	', 2, '2018-11-07'),
(542, '	Batangas	', '	Municipalities of Alitagtag	', 2, '2018-11-07'),
(543, '	Batangas	', '	Municipalities of Balayan	', 2, '2018-11-07'),
(544, '	Batangas	', '	Municipalities of Balete	', 2, '2018-11-07'),
(545, '	Batangas	', '	Municipalities of Bauan	', 2, '2018-11-07'),
(546, '	Batangas	', '	Municipalities of Calaca	', 2, '2018-11-07'),
(547, '	Batangas	', '	Municipalities of Calatagan	', 2, '2018-11-07'),
(548, '	Batangas	', '	Municipalities of Cuenca	', 2, '2018-11-07'),
(549, '	Batangas	', '	Municipalities of Ibaan	', 2, '2018-11-07'),
(550, '	Batangas	', '	Municipalities of Laurel	', 2, '2018-11-07'),
(551, '	Batangas	', '	Municipalities of Lemery	', 2, '2018-11-07'),
(552, '	Batangas	', '	Municipalities of Lian	', 2, '2018-11-07'),
(553, '	Batangas	', '	Municipalities of Lobo	', 2, '2018-11-07'),
(554, '	Batangas	', '	Municipalities of Mabini	', 2, '2018-11-07'),
(555, '	Batangas	', '	Municipalities of Malvar	', 2, '2018-11-07'),
(556, '	Batangas	', '	Municipalities of Mataas na Kahoy	', 2, '2018-11-07'),
(557, '	Batangas	', '	Municipalities of Nasugbu	', 2, '2018-11-07'),
(558, '	Batangas	', '	Municipalities of Padre Garcia	', 2, '2018-11-07'),
(559, '	Batangas	', '	Municipalities of Rosario	', 2, '2018-11-07'),
(560, '	Batangas	', '	Municipalities of San Jose	', 2, '2018-11-07'),
(561, '	Batangas	', '	Municipalities of San Juan	', 2, '2018-11-07'),
(562, '	Batangas	', '	Municipalities of San Luis	', 2, '2018-11-07'),
(563, '	Batangas	', '	Municipalities of San Nicolas	', 2, '2018-11-07'),
(564, '	Batangas	', '	Municipalities of San Pascual	', 2, '2018-11-07'),
(565, '	Batangas	', '	Municipalities of Santa Teresita	', 2, '2018-11-07'),
(566, '	Batangas	', '	Municipalities of Santo Tomas	', 2, '2018-11-07'),
(567, '	Batangas	', '	Municipalities of Taal	', 2, '2018-11-07'),
(568, '	Batangas	', '	Municipalities of Talisay	', 2, '2018-11-07'),
(569, '	Batangas	', '	Municipalities of Taysan	', 2, '2018-11-07'),
(570, '	Batangas	', '	Municipalities of Tingloy	', 2, '2018-11-07'),
(571, '	Batangas	', '	Municipalities of Tuy	', 2, '2018-11-07'),
(572, '	Benguet	', '	Province of Benguet	', 2, '2018-11-07'),
(573, '	Benguet	', '	Municipalities of Atok	', 2, '2018-11-07'),
(574, '	Benguet	', '	Municipalities of Bakun	', 2, '2018-11-07'),
(575, '	Benguet	', '	Municipalities of Bokod	', 2, '2018-11-07'),
(576, '	Benguet	', '	Municipalities of Buguias	', 2, '2018-11-07'),
(577, '	Benguet	', '	Municipalities of Itogon	', 2, '2018-11-07'),
(578, '	Benguet	', '	Municipalities of Kabayan	', 2, '2018-11-07');
INSERT INTO `tbl_agency` (`agency_id`, `head_agency_name`, `agency_name`, `agency_type`, `agency_dateadd`) VALUES
(579, '	Benguet	', '	Municipalities of Kapangan	', 2, '2018-11-07'),
(580, '	Benguet	', '	Municipalities of Kibungan	', 2, '2018-11-07'),
(581, '	Benguet	', '	Municipalities of La Trinidad	', 2, '2018-11-07'),
(582, '	Benguet	', '	Municipalities of Mankayan	', 2, '2018-11-07'),
(583, '	Benguet	', '	Municipalities of Sablan	', 2, '2018-11-07'),
(584, '	Benguet	', '	Municipalities of Tuba	', 2, '2018-11-07'),
(585, '	Benguet	', '	Municipalities of Tublay	', 2, '2018-11-07'),
(586, '	Benguet	', '	Baguio City	', 2, '2018-11-07'),
(587, '	Biliran	', '	Municipalities of Almeria	', 2, '2018-11-07'),
(588, '	Biliran	', '	Municipalities of Biliran	', 2, '2018-11-07'),
(589, '	Biliran	', '	Municipalities of Cabucgayan	', 2, '2018-11-07'),
(590, '	Biliran	', '	Municipalities of Caibiran	', 2, '2018-11-07'),
(591, '	Biliran	', '	Municipalities of Culaba	', 2, '2018-11-07'),
(592, '	Biliran	', '	Municipalities of Kawayan	', 2, '2018-11-07'),
(593, '	Biliran	', '	Municipalities of Maripipi	', 2, '2018-11-07'),
(594, '	Biliran	', '	Municipalities of Naval	', 2, '2018-11-07'),
(595, '	Biliran	', '	Province of Biliran	', 2, '2018-11-07'),
(596, '	Bohol	', '	Province of Bohol	', 2, '2018-11-07'),
(597, '	Bohol	', '	Tagbilaran City	', 2, '2018-11-07'),
(598, '	Bohol	', '	Municipalities of Alburquerque	', 2, '2018-11-07'),
(599, '	Bohol	', '	Municipalities of Alicia	', 2, '2018-11-07'),
(600, '	Bohol	', '	Municipalities of Anda	', 2, '2018-11-07'),
(601, '	Bohol	', '	Municipalities of Antequera	', 2, '2018-11-07'),
(602, '	Bohol	', '	Municipalities of Baclayon	', 2, '2018-11-07'),
(603, '	Bohol	', '	Municipalities of Balilihan	', 2, '2018-11-07'),
(604, '	Bohol	', '	Municipalities of Batuan	', 2, '2018-11-07'),
(605, '	Bohol	', '	Municipalities of Bien Unido	', 2, '2018-11-07'),
(606, '	Bohol	', '	Municipalities of Bilar	', 2, '2018-11-07'),
(607, '	Bohol	', '	Municipalities of Buenavista	', 2, '2018-11-07'),
(608, '	Bohol	', '	Municipalities of Calape	', 2, '2018-11-07'),
(609, '	Bohol	', '	Municipalities of Candijay	', 2, '2018-11-07'),
(610, '	Bohol	', '	Municipalities of Carmen	', 2, '2018-11-07'),
(611, '	Bohol	', '	Municipalities of Catigbian	', 2, '2018-11-07'),
(612, '	Bohol	', '	Municipalities of Clarin	', 2, '2018-11-07'),
(613, '	Bohol	', '	Municipalities of Corella	', 2, '2018-11-07'),
(614, '	Bohol	', '	Municipalities of Cortes	', 2, '2018-11-07'),
(615, '	Bohol	', '	Municipalities of Dagohoy	', 2, '2018-11-07'),
(616, '	Bohol	', '	Municipalities of Danao	', 2, '2018-11-07'),
(617, '	Bohol	', '	Municipalities of Dauis	', 2, '2018-11-07'),
(618, '	Bohol	', '	Municipalities of Dimiao	', 2, '2018-11-07'),
(619, '	Bohol	', '	Municipalities of Duero	', 2, '2018-11-07'),
(620, '	Bohol	', '	Municipalities of Garcia Hernandez	', 2, '2018-11-07'),
(621, '	Bohol	', '	Municipalities of Getafe	', 2, '2018-11-07'),
(622, '	Bohol	', '	Municipalities of Guindulman	', 2, '2018-11-07'),
(623, '	Bohol	', '	Municipalities of Inabanga	', 2, '2018-11-07'),
(624, '	Bohol	', '	Municipalities of Jagna	', 2, '2018-11-07'),
(625, '	Bohol	', '	Municipalities of Lila	', 2, '2018-11-07'),
(626, '	Bohol	', '	Municipalities of Loay	', 2, '2018-11-07'),
(627, '	Bohol	', '	Municipalities of Loboc	', 2, '2018-11-07'),
(628, '	Bohol	', '	Municipalities of Loon	', 2, '2018-11-07'),
(629, '	Bohol	', '	Municipalities of Mabini	', 2, '2018-11-07'),
(630, '	Bohol	', '	Municipalities of Maribojoc	', 2, '2018-11-07'),
(631, '	Bohol	', '	Municipalities of Panglao	', 2, '2018-11-07'),
(632, '	Bohol	', '	Municipalities of Pilar	', 2, '2018-11-07'),
(633, '	Bohol	', '	Municipalities of Pres. Carlos P. Garcia	', 2, '2018-11-07'),
(634, '	Bohol	', '	Municipalities of Sagbayan	', 2, '2018-11-07'),
(635, '	Bohol	', '	Municipalities of San Isidro	', 2, '2018-11-07'),
(636, '	Bohol	', '	Municipalities of San Miguel	', 2, '2018-11-07'),
(637, '	Bohol	', '	Municipalities of Sevilla	', 2, '2018-11-07'),
(638, '	Bohol	', '	Municipalities of Sierra Bullones	', 2, '2018-11-07'),
(639, '	Bohol	', '	Municipalities of Sikatuna	', 2, '2018-11-07'),
(640, '	Bohol	', '	Municipalities of Talibon	', 2, '2018-11-07'),
(641, '	Bohol	', '	Municipalities of Trinidad	', 2, '2018-11-07'),
(642, '	Bohol	', '	Municipalities of Tubigon	', 2, '2018-11-07'),
(643, '	Bohol	', '	Municipalities of Ubay	', 2, '2018-11-07'),
(644, '	Bohol	', '	Municipalities of Valencia	', 2, '2018-11-07'),
(645, '	Bukidnon	', '	Municipalities of Baungon	', 2, '2018-11-07'),
(646, '	Bukidnon	', '	Municipalities of Cabanglasan	', 2, '2018-11-07'),
(647, '	Bukidnon	', '	Municipalities of Damulog	', 2, '2018-11-07'),
(648, '	Bukidnon	', '	Municipalities of Dangcagan	', 2, '2018-11-07'),
(649, '	Bukidnon	', '	Municipalities of Don Carlos	', 2, '2018-11-07'),
(650, '	Bukidnon	', '	Municipalities of Impasug-ong	', 2, '2018-11-07'),
(651, '	Bukidnon	', '	Municipalities of Kadingilan	', 2, '2018-11-07'),
(652, '	Bukidnon	', '	Municipalities of Kalilangan	', 2, '2018-11-07'),
(653, '	Bukidnon	', '	Municipalities of Kibawe	', 2, '2018-11-07'),
(654, '	Bukidnon	', '	Municipalities of Kitaotao	', 2, '2018-11-07'),
(655, '	Bukidnon	', '	Municipalities of Lantapan	', 2, '2018-11-07'),
(656, '	Bukidnon	', '	Municipalities of Libona	', 2, '2018-11-07'),
(657, '	Bukidnon	', '	Municipalities of Malitbog	', 2, '2018-11-07'),
(658, '	Bukidnon	', '	Municipalities of Manolo Fortich	', 2, '2018-11-07'),
(659, '	Bukidnon	', '	Municipalities of Maramag	', 2, '2018-11-07'),
(660, '	Bukidnon	', '	Municipalities of Pangantucan	', 2, '2018-11-07'),
(661, '	Bukidnon	', '	Municipalities of Quezon	', 2, '2018-11-07'),
(662, '	Bukidnon	', '	Municipalities of San Fernando	', 2, '2018-11-07'),
(663, '	Bukidnon	', '	Municipalities of Sumilao	', 2, '2018-11-07'),
(664, '	Bukidnon	', '	Municipalities of Talakag	', 2, '2018-11-07'),
(665, '	Bukidnon	', '	Malaybalay City	', 2, '2018-11-07'),
(666, '	Bukidnon	', '	Valencia City	', 2, '2018-11-07'),
(667, '	Bukidnon	', '	Province of Bukidnon	', 2, '2018-11-07'),
(668, '	Bulacan	', '	Province of Bulacan	', 2, '2018-11-07'),
(669, '	Bulacan	', '	Malolos City	', 2, '2018-11-07'),
(670, '	Bulacan	', '	Meycauayan City	', 2, '2018-11-07'),
(671, '	Bulacan	', '	San Jose del Monte City	', 2, '2018-11-07'),
(672, '	Bulacan	', '	Municipalities of Angat	', 2, '2018-11-07'),
(673, '	Bulacan	', '	Municipalities of Balagtas (Bigaa)	', 2, '2018-11-07'),
(674, '	Bulacan	', '	Municipalities of Baliuag	', 2, '2018-11-07'),
(675, '	Bulacan	', '	Municipalities of Bocaue	', 2, '2018-11-07'),
(676, '	Bulacan	', '	Municipalities of Bulacan	', 2, '2018-11-07'),
(677, '	Bulacan	', '	Municipalities of Bustos	', 2, '2018-11-07'),
(678, '	Bulacan	', '	Municipalities of Calumpit	', 2, '2018-11-07'),
(679, '	Bulacan	', '	Municipalities of Doña Remedios Trinidad	', 2, '2018-11-07'),
(680, '	Bulacan	', '	Municipalities of Guiguinto	', 2, '2018-11-07'),
(681, '	Bulacan	', '	Municipalities of Hagonoy	', 2, '2018-11-07'),
(682, '	Bulacan	', '	Municipalities of Marilao	', 2, '2018-11-07'),
(683, '	Bulacan	', '	Municipalities of Norzagaray	', 2, '2018-11-07'),
(684, '	Bulacan	', '	Municipalities of Obando	', 2, '2018-11-07'),
(685, '	Bulacan	', '	Municipalities of Pandi	', 2, '2018-11-07'),
(686, '	Bulacan	', '	Municipalities of Paombong	', 2, '2018-11-07'),
(687, '	Bulacan	', '	Municipalities of Plaridel	', 2, '2018-11-07'),
(688, '	Bulacan	', '	Municipalities of Pulilan	', 2, '2018-11-07'),
(689, '	Bulacan	', '	Municipalities of San Ildefonso	', 2, '2018-11-07'),
(690, '	Bulacan	', '	Municipalities of San Miguel	', 2, '2018-11-07'),
(691, '	Bulacan	', '	Municipalities of San Rafael	', 2, '2018-11-07'),
(692, '	Bulacan	', '	Municipalities of Santa Maria	', 2, '2018-11-07'),
(693, '	Cagayan	', '	Municipalities of Abulug	', 2, '2018-11-07'),
(694, '	Cagayan	', '	Municipalities of Alcala	', 2, '2018-11-07'),
(695, '	Cagayan	', '	Municipalities of Allacapan	', 2, '2018-11-07'),
(696, '	Cagayan	', '	Municipalities of Amulung	', 2, '2018-11-07'),
(697, '	Cagayan	', '	Municipalities of Aparri	', 2, '2018-11-07'),
(698, '	Cagayan	', '	Municipalities of Baggao	', 2, '2018-11-07'),
(699, '	Cagayan	', '	Municipalities of Ballesteros	', 2, '2018-11-07'),
(700, '	Cagayan	', '	Municipalities of Buguey	', 2, '2018-11-07'),
(701, '	Cagayan	', '	Municipalities of Calayan	', 2, '2018-11-07'),
(702, '	Cagayan	', '	Municipalities of Calamaniugan	', 2, '2018-11-07'),
(703, '	Cagayan	', '	Municipalities of Claveria	', 2, '2018-11-07'),
(704, '	Cagayan	', '	Municipalities of Enrile	', 2, '2018-11-07'),
(705, '	Cagayan	', '	Municipalities of Gattaran	', 2, '2018-11-07'),
(706, '	Cagayan	', '	Municipalities of Gonzaga	', 2, '2018-11-07'),
(707, '	Cagayan	', '	Municipalities of Iguig	', 2, '2018-11-07'),
(708, '	Cagayan	', '	Municipalities of Lal-Lo	', 2, '2018-11-07'),
(709, '	Cagayan	', '	Municipalities of Lasam	', 2, '2018-11-07'),
(710, '	Cagayan	', '	Municipalities of Pamplona	', 2, '2018-11-07'),
(711, '	Cagayan	', '	Municipalities of Peñablanca	', 2, '2018-11-07'),
(712, '	Cagayan	', '	Municipalities of Piat	', 2, '2018-11-07'),
(713, '	Cagayan	', '	Municipalities of Rizal	', 2, '2018-11-07'),
(714, '	Cagayan	', '	Municipalities of Sanchez Mira	', 2, '2018-11-07'),
(715, '	Cagayan	', '	Municipalities of Santa Ana	', 2, '2018-11-07'),
(716, '	Cagayan	', '	Municipalities of Santa Praxedes	', 2, '2018-11-07'),
(717, '	Cagayan	', '	Municipalities of Santa Teresita	', 2, '2018-11-07'),
(718, '	Cagayan	', '	Municipalities of Santo Niño (Faire)	', 2, '2018-11-07'),
(719, '	Cagayan	', '	Municipalities of Solana	', 2, '2018-11-07'),
(720, '	Cagayan	', '	Municipalities of Tuao	', 2, '2018-11-07'),
(721, '	Cagayan	', '	Province of Cagayan	', 2, '2018-11-07'),
(722, '	Cagayan	', '	Tuguegarao City	', 2, '2018-11-07'),
(723, '	Camarines Norte	', '	Municipalities of Basud	', 2, '2018-11-07'),
(724, '	Camarines Norte	', '	Municipalities of Capalonga	', 2, '2018-11-07'),
(725, '	Camarines Norte	', '	Municipalities of Daet	', 2, '2018-11-07'),
(726, '	Camarines Norte	', '	Municipalities of Jose Panganiban	', 2, '2018-11-07'),
(727, '	Camarines Norte	', '	Municipalities of Labo	', 2, '2018-11-07'),
(728, '	Camarines Norte	', '	Municipalities of Mercedes	', 2, '2018-11-07'),
(729, '	Camarines Norte	', '	Municipalities of Paracale	', 2, '2018-11-07'),
(730, '	Camarines Norte	', '	Municipalities of San Lorenzo Ruiz	', 2, '2018-11-07'),
(731, '	Camarines Norte	', '	Municipalities of San Vicente	', 2, '2018-11-07'),
(732, '	Camarines Norte	', '	Municipalities of Santa Elena	', 2, '2018-11-07'),
(733, '	Camarines Norte	', '	Municipalities of Talisay	', 2, '2018-11-07'),
(734, '	Camarines Norte	', '	Municipalities of Vinzons	', 2, '2018-11-07'),
(735, '	Camarines Norte	', '	Province of Camarines Norte	', 2, '2018-11-07'),
(736, '	Camarines Sur	', '	Province of Camarines Sur	', 2, '2018-11-07'),
(737, '	Camarines Sur	', '	Municipalities of Baao	', 2, '2018-11-07'),
(738, '	Camarines Sur	', '	Municipalities of Balatan	', 2, '2018-11-07'),
(739, '	Camarines Sur	', '	Municipalities of Bato	', 2, '2018-11-07'),
(740, '	Camarines Sur	', '	Municipalities of Bombon	', 2, '2018-11-07'),
(741, '	Camarines Sur	', '	Municipalities of Buhi	', 2, '2018-11-07'),
(742, '	Camarines Sur	', '	Municipalities of Bula	', 2, '2018-11-07'),
(743, '	Camarines Sur	', '	Municipalities of Cabusao	', 2, '2018-11-07'),
(744, '	Camarines Sur	', '	Municipalities of Calabanga	', 2, '2018-11-07'),
(745, '	Camarines Sur	', '	Municipalities of Camaligan	', 2, '2018-11-07'),
(746, '	Camarines Sur	', '	Municipalities of Canaman	', 2, '2018-11-07'),
(747, '	Camarines Sur	', '	Municipalities of Caramoan	', 2, '2018-11-07'),
(748, '	Camarines Sur	', '	Municipalities of Del Gallego	', 2, '2018-11-07'),
(749, '	Camarines Sur	', '	Municipalities of Gainza	', 2, '2018-11-07'),
(750, '	Camarines Sur	', '	Municipalities of Garchitorena	', 2, '2018-11-07'),
(751, '	Camarines Sur	', '	Municipalities of Goa	', 2, '2018-11-07'),
(752, '	Camarines Sur	', '	Municipalities of Lagonoy	', 2, '2018-11-07'),
(753, '	Camarines Sur	', '	Municipalities of Libmanan	', 2, '2018-11-07'),
(754, '	Camarines Sur	', '	Municipalities of Lupi	', 2, '2018-11-07'),
(755, '	Camarines Sur	', '	Municipalities of Magarao	', 2, '2018-11-07'),
(756, '	Camarines Sur	', '	Municipalities of Milaor	', 2, '2018-11-07'),
(757, '	Camarines Sur	', '	Municipalities of Minalabac	', 2, '2018-11-07'),
(758, '	Camarines Sur	', '	Municipalities of Nabua	', 2, '2018-11-07'),
(759, '	Camarines Sur	', '	Municipalities of Ocampo	', 2, '2018-11-07'),
(760, '	Camarines Sur	', '	Municipalities of Pamplona	', 2, '2018-11-07'),
(761, '	Camarines Sur	', '	Municipalities of Pasacao	', 2, '2018-11-07'),
(762, '	Camarines Sur	', '	Municipalities of Pili	', 2, '2018-11-07'),
(763, '	Camarines Sur	', '	Municipalities of Presentacion	', 2, '2018-11-07'),
(764, '	Camarines Sur	', '	Municipalities of Ragay	', 2, '2018-11-07'),
(765, '	Camarines Sur	', '	Municipalities of Sagñay	', 2, '2018-11-07'),
(766, '	Camarines Sur	', '	Municipalities of San Fernando	', 2, '2018-11-07'),
(767, '	Camarines Sur	', '	Municipalities of San Jose	', 2, '2018-11-07'),
(768, '	Camarines Sur	', '	Municipalities of Sipocot	', 2, '2018-11-07'),
(769, '	Camarines Sur	', '	Municipalities of Siruma	', 2, '2018-11-07'),
(770, '	Camarines Sur	', '	Municipalities of Tigaon	', 2, '2018-11-07'),
(771, '	Camarines Sur	', '	Municipalities of Tinambac	', 2, '2018-11-07'),
(772, '	Camarines Sur	', '	Iriga City	', 2, '2018-11-07'),
(773, '	Camarines Sur	', '	Naga City	', 2, '2018-11-07'),
(774, '	Camiguin	', '	Municipalities of Catarman	', 2, '2018-11-07'),
(775, '	Camiguin	', '	Municipalities of Guinsiliban	', 2, '2018-11-07'),
(776, '	Camiguin	', '	Municipalities of Mahinog	', 2, '2018-11-07'),
(777, '	Camiguin	', '	Municipalities of Mambajao	', 2, '2018-11-07'),
(778, '	Camiguin	', '	Municipalities of Sagay	', 2, '2018-11-07'),
(779, '	Camiguin	', '	Province of Camiguin	', 2, '2018-11-07'),
(780, '	Campostela Valley	', '	Province of Campostela Valley	', 2, '2018-11-07'),
(781, '	Campostela Valley	', '	Municipalities of Compostela	', 2, '2018-11-07'),
(782, '	Campostela Valley	', '	Municipalities of Laak	', 2, '2018-11-07'),
(783, '	Campostela Valley	', '	Municipalities of Mabini	', 2, '2018-11-07'),
(784, '	Campostela Valley	', '	Municipalities of Maco	', 2, '2018-11-07'),
(785, '	Campostela Valley	', '	Municipalities of Maragusan	', 2, '2018-11-07'),
(786, '	Campostela Valley	', '	Municipalities of Mawab	', 2, '2018-11-07'),
(787, '	Campostela Valley	', '	Municipalities of Monkayo	', 2, '2018-11-07'),
(788, '	Campostela Valley	', '	Municipalities of Montevista	', 2, '2018-11-07'),
(789, '	Campostela Valley	', '	Municipalities of Nabunturan	', 2, '2018-11-07'),
(790, '	Campostela Valley	', '	Municipalities of New Bataan	', 2, '2018-11-07'),
(791, '	Campostela Valley	', '	Municipalities of Pantukan	', 2, '2018-11-07'),
(792, '	Capiz	', '	Municipalities of Cuartero	', 2, '2018-11-07'),
(793, '	Capiz	', '	Municipalities of Dao	', 2, '2018-11-07'),
(794, '	Capiz	', '	Municipalities of Dumalag	', 2, '2018-11-07'),
(795, '	Capiz	', '	Municipalities of Dumarao	', 2, '2018-11-07'),
(796, '	Capiz	', '	Municipalities of Ivisan	', 2, '2018-11-07'),
(797, '	Capiz	', '	Municipalities of Jamindan	', 2, '2018-11-07'),
(798, '	Capiz	', '	Municipalities of Ma-ayon	', 2, '2018-11-07'),
(799, '	Capiz	', '	Municipalities of Mambusao	', 2, '2018-11-07'),
(800, '	Capiz	', '	Municipalities of Panay	', 2, '2018-11-07'),
(801, '	Capiz	', '	Municipalities of Panitan	', 2, '2018-11-07'),
(802, '	Capiz	', '	Municipalities of Pilar	', 2, '2018-11-07'),
(803, '	Capiz	', '	Municipalities of Pontevedra	', 2, '2018-11-07'),
(804, '	Capiz	', '	Municipalities of President Roxas	', 2, '2018-11-07'),
(805, '	Capiz	', '	Municipalities of Sapian	', 2, '2018-11-07'),
(806, '	Capiz	', '	Municipalities of Sigma	', 2, '2018-11-07'),
(807, '	Capiz	', '	Municipalities of Tapaz	', 2, '2018-11-07'),
(808, '	Capiz	', '	Province of Capiz	', 2, '2018-11-07'),
(809, '	Capiz	', '	Roxas City	', 2, '2018-11-07'),
(810, '	Catanduanes	', '	Province of Catanduanes	', 2, '2018-11-07'),
(811, '	Catanduanes	', '	Municipalities of Baganamoc	', 2, '2018-11-07'),
(812, '	Catanduanes	', '	Municipalities of Baras	', 2, '2018-11-07'),
(813, '	Catanduanes	', '	Municipalities of Bato	', 2, '2018-11-07'),
(814, '	Catanduanes	', '	Municipalities of Caramoran	', 2, '2018-11-07'),
(815, '	Catanduanes	', '	Municipalities of Gigmoto	', 2, '2018-11-07'),
(816, '	Catanduanes	', '	Municipalities of Pandan	', 2, '2018-11-07'),
(817, '	Catanduanes	', '	Municipalities of Panganiban (Payo)	', 2, '2018-11-07'),
(818, '	Catanduanes	', '	Municipalities of San Andres (Calolbon)	', 2, '2018-11-07'),
(819, '	Catanduanes	', '	Municipalities of San Miguel	', 2, '2018-11-07'),
(820, '	Catanduanes	', '	Municipalities of Viga	', 2, '2018-11-07'),
(821, '	Catanduanes	', '	Municipalities of Virac	', 2, '2018-11-07'),
(822, '	Cavite	', '	Province of Cavite	', 2, '2018-11-07'),
(823, '	Cavite	', '	Bacoor City	', 2, '2018-11-07'),
(824, '	Cavite	', '	Cavite City	', 2, '2018-11-07'),
(825, '	Cavite	', '	Dasmariñas City	', 2, '2018-11-07'),
(826, '	Cavite	', '	Imus City	', 2, '2018-11-07'),
(827, '	Cavite	', '	Tagaytay City	', 2, '2018-11-07'),
(828, '	Cavite	', '	Trece Martires City	', 2, '2018-11-07'),
(829, '	Cavite	', '	Municipalities of Alfonso	', 2, '2018-11-07'),
(830, '	Cavite	', '	Municipalities of Amadeo	', 2, '2018-11-07'),
(831, '	Cavite	', '	Municipalities of Carmona	', 2, '2018-11-07'),
(832, '	Cavite	', '	Municipalities of Gen. Emilio Aguinaldo	', 2, '2018-11-07'),
(833, '	Cavite	', '	Municipalities of Gen. Mariano Alvalrez	', 2, '2018-11-07'),
(834, '	Cavite	', '	Municipalities of General Trias	', 2, '2018-11-07'),
(835, '	Cavite	', '	Municipalities of Indang	', 2, '2018-11-07'),
(836, '	Cavite	', '	Municipalities of Kawit	', 2, '2018-11-07'),
(837, '	Cavite	', '	Municipalities of Magallanes	', 2, '2018-11-07'),
(838, '	Cavite	', '	Municipalities of Maragondon	', 2, '2018-11-07'),
(839, '	Cavite	', '	Municipalities of Mendez	', 2, '2018-11-07'),
(840, '	Cavite	', '	Municipalities of Naic	', 2, '2018-11-07'),
(841, '	Cavite	', '	Municipalities of Noveleta	', 2, '2018-11-07'),
(842, '	Cavite	', '	Municipalities of Rosario	', 2, '2018-11-07'),
(843, '	Cavite	', '	Municipalities of Silang	', 2, '2018-11-07'),
(844, '	Cavite	', '	Municipalities of Tanza	', 2, '2018-11-07'),
(845, '	Cavite	', '	Municipalities of Ternate	', 2, '2018-11-07'),
(846, '	Cebu	', '	Province of Cebu	', 2, '2018-11-07'),
(847, '	Cebu	', '	Cebu City	', 2, '2018-11-07'),
(848, '	Cebu	', '	Lapu-Lapu City	', 2, '2018-11-07'),
(849, '	Cebu	', '	Madaue City	', 2, '2018-11-07'),
(850, '	Cebu	', '	Bogo City	', 2, '2018-11-07'),
(851, '	Cebu	', '	Carcar City	', 2, '2018-11-07'),
(852, '	Cebu	', '	Danao City	', 2, '2018-11-07'),
(853, '	Cebu	', '	Naga City	', 2, '2018-11-07'),
(854, '	Cebu	', '	Talisay City	', 2, '2018-11-07'),
(855, '	Cebu	', '	Toledo City	', 2, '2018-11-07'),
(856, '	Cebu	', '	Municipalities of Alcantara	', 2, '2018-11-07'),
(857, '	Cebu	', '	Municipalities of Alcoy	', 2, '2018-11-07'),
(858, '	Cebu	', '	Municipalities of Alegria	', 2, '2018-11-07'),
(859, '	Cebu	', '	Municipalities of Aloguinsan	', 2, '2018-11-07'),
(860, '	Cebu	', '	Municipalities of Argao	', 2, '2018-11-07'),
(861, '	Cebu	', '	Municipalities of Asturias	', 2, '2018-11-07'),
(862, '	Cebu	', '	Municipalities of Badian	', 2, '2018-11-07'),
(863, '	Cebu	', '	Municipalities of Balamban	', 2, '2018-11-07'),
(864, '	Cebu	', '	Municipalities of Bantayan	', 2, '2018-11-07'),
(865, '	Cebu	', '	Municipalities of Barili	', 2, '2018-11-07'),
(866, '	Cebu	', '	Municipalities of Boljoon	', 2, '2018-11-07'),
(867, '	Cebu	', '	Municipalities of Borbon	', 2, '2018-11-07'),
(868, '	Cebu	', '	Municipalities of Carmen	', 2, '2018-11-07'),
(869, '	Cebu	', '	Municipalities of Catmon	', 2, '2018-11-07'),
(870, '	Cebu	', '	Municipalities of Compostela	', 2, '2018-11-07'),
(871, '	Cebu	', '	Municipalities of Consolacion	', 2, '2018-11-07'),
(872, '	Cebu	', '	Municipalities of Cordova	', 2, '2018-11-07'),
(873, '	Cebu	', '	Municipalities of Daanbantayan	', 2, '2018-11-07'),
(874, '	Cebu	', '	Municipalities of Dalaguete	', 2, '2018-11-07'),
(875, '	Cebu	', '	Municipalities of Dumanjug	', 2, '2018-11-07'),
(876, '	Cebu	', '	Municipalities of Ginatilan	', 2, '2018-11-07'),
(877, '	Cebu	', '	Municipalities of Liloan	', 2, '2018-11-07'),
(878, '	Cebu	', '	Municipalities of Madridejos	', 2, '2018-11-07'),
(879, '	Cebu	', '	Municipalities of Malabuyoc	', 2, '2018-11-07'),
(880, '	Cebu	', '	Municipalities of Medellin	', 2, '2018-11-07'),
(881, '	Cebu	', '	Municipalities of Minglanilla	', 2, '2018-11-07'),
(882, '	Cebu	', '	Municipalities of Moalboal	', 2, '2018-11-07'),
(883, '	Cebu	', '	Municipalities of Oslob	', 2, '2018-11-07'),
(884, '	Cebu	', '	Municipalities of Pilar	', 2, '2018-11-07'),
(885, '	Cebu	', '	Municipalities of Pinamungahan	', 2, '2018-11-07'),
(886, '	Cebu	', '	Municipalities of Poro	', 2, '2018-11-07'),
(887, '	Cebu	', '	Municipalities of Ronda	', 2, '2018-11-07'),
(888, '	Cebu	', '	Municipalities of Samboan	', 2, '2018-11-07'),
(889, '	Cebu	', '	Municipalities of San Fernando	', 2, '2018-11-07'),
(890, '	Cebu	', '	Municipalities of San Francisco	', 2, '2018-11-07'),
(891, '	Cebu	', '	Municipalities of San Remigio	', 2, '2018-11-07'),
(892, '	Cebu	', '	Municipalities of Santa Fe	', 2, '2018-11-07'),
(893, '	Cebu	', '	Municipalities of Santander	', 2, '2018-11-07'),
(894, '	Cebu	', '	Municipalities of Sibonga	', 2, '2018-11-07'),
(895, '	Cebu	', '	Municipalities of Sogod	', 2, '2018-11-07'),
(896, '	Cebu	', '	Municipalities of Tabogon	', 2, '2018-11-07'),
(897, '	Cebu	', '	Municipalities of Tabuelan	', 2, '2018-11-07'),
(898, '	Cebu	', '	Municipalities of Tuburan	', 2, '2018-11-07'),
(899, '	Cebu	', '	Municipalities of Tudela	', 2, '2018-11-07'),
(900, '	Cotabato Province (North)	', '	Province of Cotabato Province (North)	', 2, '2018-11-07'),
(901, '	Cotabato Province (North)	', '	Cotabato City	', 2, '2018-11-07'),
(902, '	Cotabato Province (North)	', '	Kidapawan City	', 2, '2018-11-07'),
(903, '	Cotabato Province (North)	', '	Municipalities of Alamada	', 2, '2018-11-07'),
(904, '	Cotabato Province (North)	', '	Municipalities of Aleosan	', 2, '2018-11-07'),
(905, '	Cotabato Province (North)	', '	Municipalities of Antipas	', 2, '2018-11-07'),
(906, '	Cotabato Province (North)	', '	Municipalities of Arakan	', 2, '2018-11-07'),
(907, '	Cotabato Province (North)	', '	Municipalities of Banisilan	', 2, '2018-11-07'),
(908, '	Cotabato Province (North)	', '	Municipalities of Carmen	', 2, '2018-11-07'),
(909, '	Cotabato Province (North)	', '	Municipalities of Kabacan	', 2, '2018-11-07'),
(910, '	Cotabato Province (North)	', '	Municipalities of Libungan	', 2, '2018-11-07'),
(911, '	Cotabato Province (North)	', '	Municipalities of Magpet	', 2, '2018-11-07'),
(912, '	Cotabato Province (North)	', '	Municipalities of Makilala	', 2, '2018-11-07'),
(913, '	Cotabato Province (North)	', '	Municipalities of Matalam	', 2, '2018-11-07'),
(914, '	Cotabato Province (North)	', '	Municipalities of Midsayap	', 2, '2018-11-07'),
(915, '	Cotabato Province (North)	', '	Municipalities of M lang	', 2, '2018-11-07'),
(916, '	Cotabato Province (North)	', '	Municipalities of Pigkawayan	', 2, '2018-11-07'),
(917, '	Cotabato Province (North)	', '	Municipalities of Pikit	', 2, '2018-11-07'),
(918, '	Cotabato Province (North)	', '	Municipalities of President Roxas	', 2, '2018-11-07'),
(919, '	Cotabato Province (North)	', '	Municipalities of Tulunan	', 2, '2018-11-07'),
(920, '	Davao del Sur	', '	Municipalities of Bansalan	', 2, '2018-11-07'),
(921, '	Davao del Sur	', '	Municipalities of Hagonoy	', 2, '2018-11-07'),
(922, '	Davao del Sur	', '	Municipalities of Kiblawan	', 2, '2018-11-07'),
(923, '	Davao del Sur	', '	Municipalities of Magsaysay	', 2, '2018-11-07'),
(924, '	Davao del Sur	', '	Municipalities of Malalag	', 2, '2018-11-07'),
(925, '	Davao del Sur	', '	Municipalities of Matanao	', 2, '2018-11-07'),
(926, '	Davao del Sur	', '	Municipalities of Padada	', 2, '2018-11-07'),
(927, '	Davao del Sur	', '	Municipalities of Santa Cruz	', 2, '2018-11-07'),
(928, '	Davao del Sur	', '	Municipalities of Sulop	', 2, '2018-11-07'),
(929, '	Davao del Sur	', '	Province of Davao del Sur	', 2, '2018-11-07'),
(930, '	Davao del Sur	', '	Davao City	', 2, '2018-11-07'),
(931, '	Davao del Sur	', '	Digos City	', 2, '2018-11-07'),
(932, '	Davao Occidental	', '	Province of Davao Occidental	', 2, '2018-11-07'),
(933, '	Davao Occidental	', '	Municipalities of Don Marcelino	', 2, '2018-11-07'),
(934, '	Davao Occidental	', '	Municipalities of Jose Abad Santos	', 2, '2018-11-07'),
(935, '	Davao Occidental	', '	Municipalities of Malita	', 2, '2018-11-07'),
(936, '	Davao Occidental	', '	Municipalities of Santa Maria	', 2, '2018-11-07'),
(937, '	Davao Occidental	', '	Municipalities of Sarangani	', 2, '2018-11-07'),
(938, '	Davao Oriental	', '	Municipalities of Baganga	', 2, '2018-11-07'),
(939, '	Davao Oriental	', '	Municipalities of Banaybanay	', 2, '2018-11-07'),
(940, '	Davao Oriental	', '	Municipalities of Boston	', 2, '2018-11-07'),
(941, '	Davao Oriental	', '	Municipalities of Caraga	', 2, '2018-11-07'),
(942, '	Davao Oriental	', '	Municipalities of Cateel	', 2, '2018-11-07'),
(943, '	Davao Oriental	', '	Municipalities of Governor Generoso	', 2, '2018-11-07'),
(944, '	Davao Oriental	', '	Municipalities of Lupon	', 2, '2018-11-07'),
(945, '	Davao Oriental	', '	Municipalities of Manay	', 2, '2018-11-07'),
(946, '	Davao Oriental	', '	Municipalities of San Isidro	', 2, '2018-11-07'),
(947, '	Davao Oriental	', '	Municipalities of Tarragona	', 2, '2018-11-07'),
(948, '	Davao Oriental	', '	Province of Davao Oriental	', 2, '2018-11-07'),
(949, '	Davao Oriental	', '	Mati City	', 2, '2018-11-07'),
(950, '	Davao Province (del Norte)	', '	Panabo City	', 2, '2018-11-07'),
(951, '	Davao Province (del Norte)	', '	Samal City	', 2, '2018-11-07'),
(952, '	Davao Province (del Norte)	', '	Tagum City	', 2, '2018-11-07'),
(953, '	Davao Province (del Norte)	', '	Municipalities of Asuncion	', 2, '2018-11-07'),
(954, '	Davao Province (del Norte)	', '	Municipalities of Braulio E. Dujali	', 2, '2018-11-07'),
(955, '	Davao Province (del Norte)	', '	Municipalities of Carmen	', 2, '2018-11-07'),
(956, '	Davao Province (del Norte)	', '	Municipalities of Kapalong	', 2, '2018-11-07'),
(957, '	Davao Province (del Norte)	', '	Municipalities of New Corella	', 2, '2018-11-07'),
(958, '	Davao Province (del Norte)	', '	Municipalities of San Isidro	', 2, '2018-11-07'),
(959, '	Davao Province (del Norte)	', '	Municipalities of Santo Tomas	', 2, '2018-11-07'),
(960, '	Davao Province (del Norte)	', '	Municipalities of Talaingod	', 2, '2018-11-07'),
(961, '	Davao Province (del Norte)	', '	Province of Davao Province (del Norte)	', 2, '2018-11-07'),
(962, '	Dinagat Islands	', '	Province of Dinagat Islands	', 2, '2018-11-07'),
(963, '	Dinagat Islands	', '	Municipalities of Basilisa (Rizal)	', 2, '2018-11-07'),
(964, '	Dinagat Islands	', '	Municipalities of Cagdianao	', 2, '2018-11-07'),
(965, '	Dinagat Islands	', '	Municipalities of Dinagat	', 2, '2018-11-07'),
(966, '	Dinagat Islands	', '	Municipalities of Libjo (Albor)	', 2, '2018-11-07'),
(967, '	Dinagat Islands	', '	Municipalities of Loreto	', 2, '2018-11-07'),
(968, '	Dinagat Islands	', '	Municipalities of Tubajon	', 2, '2018-11-07'),
(969, '	Dinagat Islands	', '	Municipalities of San Jose	', 2, '2018-11-07'),
(970, '	Eastern Samar	', '	Borongan City	', 2, '2018-11-07'),
(971, '	Eastern Samar	', '	Municipalities of Arteche	', 2, '2018-11-07'),
(972, '	Eastern Samar	', '	Municipalities of Balangiga	', 2, '2018-11-07'),
(973, '	Eastern Samar	', '	Municipalities of Balangkayan	', 2, '2018-11-07'),
(974, '	Eastern Samar	', '	Municipalities of Can-avid	', 2, '2018-11-07'),
(975, '	Eastern Samar	', '	Municipalities of Dolores	', 2, '2018-11-07'),
(976, '	Eastern Samar	', '	Municipalities of General MacArthur	', 2, '2018-11-07'),
(977, '	Eastern Samar	', '	Municipalities of Giporlos	', 2, '2018-11-07'),
(978, '	Eastern Samar	', '	Municipalities of Guiuan	', 2, '2018-11-07'),
(979, '	Eastern Samar	', '	Municipalities of Hernani	', 2, '2018-11-07'),
(980, '	Eastern Samar	', '	Municipalities of Jipapad	', 2, '2018-11-07'),
(981, '	Eastern Samar	', '	Municipalities of Lawaan	', 2, '2018-11-07'),
(982, '	Eastern Samar	', '	Municipalities of Llorente	', 2, '2018-11-07'),
(983, '	Eastern Samar	', '	Municipalities of Maslog	', 2, '2018-11-07'),
(984, '	Eastern Samar	', '	Municipalities of Maydolong	', 2, '2018-11-07'),
(985, '	Eastern Samar	', '	Municipalities of Mercedes	', 2, '2018-11-07'),
(986, '	Eastern Samar	', '	Municipalities of Oras	', 2, '2018-11-07'),
(987, '	Eastern Samar	', '	Municipalities of Quinapondan	', 2, '2018-11-07'),
(988, '	Eastern Samar	', '	Municipalities of Salcedo	', 2, '2018-11-07'),
(989, '	Eastern Samar	', '	Municipalities of San Julian	', 2, '2018-11-07'),
(990, '	Eastern Samar	', '	Municipalities of San Policarpo	', 2, '2018-11-07'),
(991, '	Eastern Samar	', '	Municipalities of Sulat	', 2, '2018-11-07'),
(992, '	Eastern Samar	', '	Municipalities of Taft	', 2, '2018-11-07'),
(993, '	Eastern Samar	', '	Province of Eastern Samar	', 2, '2018-11-07'),
(994, '	Guimaras	', '	Province of Guimaras	', 2, '2018-11-07'),
(995, '	Guimaras	', '	Municipalities of Buenavista	', 2, '2018-11-07'),
(996, '	Guimaras	', '	Municipalities of Jordan	', 2, '2018-11-07'),
(997, '	Guimaras	', '	Municipalities of Nueva Valencia	', 2, '2018-11-07'),
(998, '	Guimaras	', '	Municipalities of San Lorenzo	', 2, '2018-11-07'),
(999, '	Guimaras	', '	Municipalities of Sibunag	', 2, '2018-11-07'),
(1000, '	Ifugao	', '	Province of Ifugao	', 2, '2018-11-07'),
(1001, '	Ifugao	', '	Municipalities of Aguinaldo	', 2, '2018-11-07'),
(1002, '	Ifugao	', '	Municipalities of Alfonso Lista (Potia)	', 2, '2018-11-07'),
(1003, '	Ifugao	', '	Municipalities of Asipulo	', 2, '2018-11-07'),
(1004, '	Ifugao	', '	Municipalities of Banaue	', 2, '2018-11-07'),
(1005, '	Ifugao	', '	Municipalities of Hingyon	', 2, '2018-11-07'),
(1006, '	Ifugao	', '	Municipalities of Hungduan	', 2, '2018-11-07'),
(1007, '	Ifugao	', '	Municipalities of Kiangan	', 2, '2018-11-07'),
(1008, '	Ifugao	', '	Municipalities of Lagawe	', 2, '2018-11-07'),
(1009, '	Ifugao	', '	Municipalities of Lamut	', 2, '2018-11-07'),
(1010, '	Ifugao	', '	Municipalities of Mayoyao	', 2, '2018-11-07'),
(1011, '	Ifugao	', '	Municipalities of Tinoc	', 2, '2018-11-07'),
(1012, '	Ilocos Norte	', '	Municipalities of Adams	', 2, '2018-11-07'),
(1013, '	Ilocos Norte	', '	Municipalities of Bacarra	', 2, '2018-11-07'),
(1014, '	Ilocos Norte	', '	Municipalities of Badoc	', 2, '2018-11-07'),
(1015, '	Ilocos Norte	', '	Municipalities of Bangui	', 2, '2018-11-07'),
(1016, '	Ilocos Norte	', '	Municipalities of Banna (Espiritu)	', 2, '2018-11-07'),
(1017, '	Ilocos Norte	', '	Municipalities of Burgos	', 2, '2018-11-07'),
(1018, '	Ilocos Norte	', '	Municipalities of Carasi	', 2, '2018-11-07'),
(1019, '	Ilocos Norte	', '	Municipalities of Currimao	', 2, '2018-11-07'),
(1020, '	Ilocos Norte	', '	Municipalities of Dingras	', 2, '2018-11-07'),
(1021, '	Ilocos Norte	', '	Municipalities of Dumalneg	', 2, '2018-11-07'),
(1022, '	Ilocos Norte	', '	Municipalities of Marcos	', 2, '2018-11-07'),
(1023, '	Ilocos Norte	', '	Municipalities of Nueva Era	', 2, '2018-11-07'),
(1024, '	Ilocos Norte	', '	Municipalities of Pagudpud	', 2, '2018-11-07'),
(1025, '	Ilocos Norte	', '	Municipalities of Paoay	', 2, '2018-11-07'),
(1026, '	Ilocos Norte	', '	Municipalities of Pasuquin	', 2, '2018-11-07'),
(1027, '	Ilocos Norte	', '	Municipalities of Piddig	', 2, '2018-11-07'),
(1028, '	Ilocos Norte	', '	Municipalities of Pinili	', 2, '2018-11-07'),
(1029, '	Ilocos Norte	', '	Municipalities of San Nicolas	', 2, '2018-11-07'),
(1030, '	Ilocos Norte	', '	Municipalities of Sarrat	', 2, '2018-11-07'),
(1031, '	Ilocos Norte	', '	Municipalities of Solsona	', 2, '2018-11-07'),
(1032, '	Ilocos Norte	', '	Municipalities of Vintar	', 2, '2018-11-07'),
(1033, '	Ilocos Norte	', '	Province of Ilocos Norte	', 2, '2018-11-07'),
(1034, '	Ilocos Norte	', '	Batac City	', 2, '2018-11-07'),
(1035, '	Ilocos Norte	', '	Laoag City	', 2, '2018-11-07'),
(1036, '	Ilocos Sur	', '	Candon City	', 2, '2018-11-07'),
(1037, '	Ilocos Sur	', '	Vigan City	', 2, '2018-11-07'),
(1038, '	Ilocos Sur	', '	Province of Ilocos Sur	', 2, '2018-11-07'),
(1039, '	Ilocos Sur	', '	Municipalities of Alilem	', 2, '2018-11-07'),
(1040, '	Ilocos Sur	', '	Municipalities of Banayoyo	', 2, '2018-11-07'),
(1041, '	Ilocos Sur	', '	Municipalities of Bantay	', 2, '2018-11-07'),
(1042, '	Ilocos Sur	', '	Municipalities of Burgos	', 2, '2018-11-07'),
(1043, '	Ilocos Sur	', '	Municipalities of Cabugao	', 2, '2018-11-07'),
(1044, '	Ilocos Sur	', '	Municipalities of Caoayan	', 2, '2018-11-07'),
(1045, '	Ilocos Sur	', '	Municipalities of Cervantes	', 2, '2018-11-07'),
(1046, '	Ilocos Sur	', '	Municipalities of Galimuyod	', 2, '2018-11-07'),
(1047, '	Ilocos Sur	', '	Municipalities of Gregorio del Pilar	', 2, '2018-11-07'),
(1048, '	Ilocos Sur	', '	Municipalities of Lidlidda	', 2, '2018-11-07'),
(1049, '	Ilocos Sur	', '	Municipalities of Magsingal	', 2, '2018-11-07'),
(1050, '	Ilocos Sur	', '	Municipalities of Nagbukel	', 2, '2018-11-07'),
(1051, '	Ilocos Sur	', '	Municipalities of Narvacan	', 2, '2018-11-07'),
(1052, '	Ilocos Sur	', '	Municipalities of Quirino	', 2, '2018-11-07'),
(1053, '	Ilocos Sur	', '	Municipalities of Salcedo	', 2, '2018-11-07'),
(1054, '	Ilocos Sur	', '	Municipalities of San Emilio	', 2, '2018-11-07'),
(1055, '	Ilocos Sur	', '	Municipalities of San Esteban	', 2, '2018-11-07'),
(1056, '	Ilocos Sur	', '	Municipalities of San Ildefonso	', 2, '2018-11-07'),
(1057, '	Ilocos Sur	', '	Municipalities of San Juan	', 2, '2018-11-07'),
(1058, '	Ilocos Sur	', '	Municipalities of San Vicente	', 2, '2018-11-07'),
(1059, '	Ilocos Sur	', '	Municipalities of Santa	', 2, '2018-11-07'),
(1060, '	Ilocos Sur	', '	Municipalities of Santa Catalina	', 2, '2018-11-07'),
(1061, '	Ilocos Sur	', '	Municipalities of Santa Cruz	', 2, '2018-11-07'),
(1062, '	Ilocos Sur	', '	Municipalities of Santa Lucía	', 2, '2018-11-07'),
(1063, '	Ilocos Sur	', '	Municipalities of Santa María	', 2, '2018-11-07'),
(1064, '	Ilocos Sur	', '	Municipalities of Santiago	', 2, '2018-11-07'),
(1065, '	Ilocos Sur	', '	Municipalities of Santo Domingo	', 2, '2018-11-07'),
(1066, '	Ilocos Sur	', '	Municipalities of Sigay	', 2, '2018-11-07'),
(1067, '	Ilocos Sur	', '	Municipalities of Sinait	', 2, '2018-11-07'),
(1068, '	Ilocos Sur	', '	Municipalities of Sugpon	', 2, '2018-11-07'),
(1069, '	Ilocos Sur	', '	Municipalities of Suyo	', 2, '2018-11-07'),
(1070, '	Ilocos Sur	', '	Municipalities of Tagudin	', 2, '2018-11-07'),
(1071, '	Iloilo	', '	Province of Iloilo	', 2, '2018-11-07'),
(1072, '	Iloilo	', '	Iloilo City	', 2, '2018-11-07'),
(1073, '	Iloilo	', '	Passi City	', 2, '2018-11-07'),
(1074, '	Iloilo	', '	Municipalities of Ajuy	', 2, '2018-11-07'),
(1075, '	Iloilo	', '	Municipalities of Alimodian	', 2, '2018-11-07'),
(1076, '	Iloilo	', '	Municipalities of Anilao	', 2, '2018-11-07'),
(1077, '	Iloilo	', '	Municipalities of Badiangan	', 2, '2018-11-07'),
(1078, '	Iloilo	', '	Municipalities of Balasan	', 2, '2018-11-07'),
(1079, '	Iloilo	', '	Municipalities of Banate	', 2, '2018-11-07'),
(1080, '	Iloilo	', '	Municipalities of Barotac Nuevo	', 2, '2018-11-07'),
(1081, '	Iloilo	', '	Municipalities of Barotac Viejo	', 2, '2018-11-07'),
(1082, '	Iloilo	', '	Municipalities of Batad	', 2, '2018-11-07'),
(1083, '	Iloilo	', '	Municipalities of Bingawan	', 2, '2018-11-07'),
(1084, '	Iloilo	', '	Municipalities of Cabatuan	', 2, '2018-11-07'),
(1085, '	Iloilo	', '	Municipalities of Calinog	', 2, '2018-11-07'),
(1086, '	Iloilo	', '	Municipalities of Carles	', 2, '2018-11-07'),
(1087, '	Iloilo	', '	Municipalities of Concepcion	', 2, '2018-11-07'),
(1088, '	Iloilo	', '	Municipalities of Dingle	', 2, '2018-11-07'),
(1089, '	Iloilo	', '	Municipalities of Dueñas	', 2, '2018-11-07'),
(1090, '	Iloilo	', '	Municipalities of Dumangas	', 2, '2018-11-07'),
(1091, '	Iloilo	', '	Municipalities of Estancia	', 2, '2018-11-07'),
(1092, '	Iloilo	', '	Municipalities of Guimbal	', 2, '2018-11-07'),
(1093, '	Iloilo	', '	Municipalities of Igbaras	', 2, '2018-11-07'),
(1094, '	Iloilo	', '	Municipalities of Janiuay	', 2, '2018-11-07'),
(1095, '	Iloilo	', '	Municipalities of Lambunao	', 2, '2018-11-07'),
(1096, '	Iloilo	', '	Municipalities of Leganes	', 2, '2018-11-07'),
(1097, '	Iloilo	', '	Municipalities of Lemery	', 2, '2018-11-07'),
(1098, '	Iloilo	', '	Municipalities of Leon	', 2, '2018-11-07'),
(1099, '	Iloilo	', '	Municipalities of Maasin	', 2, '2018-11-07'),
(1100, '	Iloilo	', '	Municipalities of Miagao	', 2, '2018-11-07'),
(1101, '	Iloilo	', '	Municipalities of Mina	', 2, '2018-11-07'),
(1102, '	Iloilo	', '	Municipalities of New Lucena	', 2, '2018-11-07'),
(1103, '	Iloilo	', '	Municipalities of Oton	', 2, '2018-11-07'),
(1104, '	Iloilo	', '	Municipalities of Pavia	', 2, '2018-11-07'),
(1105, '	Iloilo	', '	Municipalities of Pototan	', 2, '2018-11-07'),
(1106, '	Iloilo	', '	Municipalities of San Dionisio	', 2, '2018-11-07'),
(1107, '	Iloilo	', '	Municipalities of San Enrique	', 2, '2018-11-07'),
(1108, '	Iloilo	', '	Municipalities of San Joaquin	', 2, '2018-11-07'),
(1109, '	Iloilo	', '	Municipalities of San Miguel	', 2, '2018-11-07'),
(1110, '	Iloilo	', '	Municipalities of San Rafael	', 2, '2018-11-07'),
(1111, '	Iloilo	', '	Municipalities of Santa Barbara	', 2, '2018-11-07'),
(1112, '	Iloilo	', '	Municipalities of Sara	', 2, '2018-11-07'),
(1113, '	Iloilo	', '	Municipalities of Tigbauan	', 2, '2018-11-07'),
(1114, '	Iloilo	', '	Municipalities of Tubungan	', 2, '2018-11-07'),
(1115, '	Iloilo	', '	Municipalities of Zarraga	', 2, '2018-11-07'),
(1116, '	Isabela	', '	Cauayan City	', 2, '2018-11-07'),
(1117, '	Isabela	', '	Ilagan City	', 2, '2018-11-07'),
(1118, '	Isabela	', '	Santiago City	', 2, '2018-11-07'),
(1119, '	Isabela	', '	Province of Isabela	', 2, '2018-11-07'),
(1120, '	Isabela	', '	Municipalities of Alicia	', 2, '2018-11-07'),
(1121, '	Isabela	', '	Municipalities of Angadanan	', 2, '2018-11-07'),
(1122, '	Isabela	', '	Municipalities of Aurora	', 2, '2018-11-07'),
(1123, '	Isabela	', '	Municipalities of Benito Soliven	', 2, '2018-11-07'),
(1124, '	Isabela	', '	Municipalities of Burgos	', 2, '2018-11-07'),
(1125, '	Isabela	', '	Municipalities of Cabagan	', 2, '2018-11-07'),
(1126, '	Isabela	', '	Municipalities of Cabatuan	', 2, '2018-11-07'),
(1127, '	Isabela	', '	Municipalities of Cordon	', 2, '2018-11-07'),
(1128, '	Isabela	', '	Municipalities of Delfin Albano	', 2, '2018-11-07'),
(1129, '	Isabela	', '	Municipalities of Dinapigue	', 2, '2018-11-07'),
(1130, '	Isabela	', '	Municipalities of Divilacan	', 2, '2018-11-07'),
(1131, '	Isabela	', '	Municipalities of Echague	', 2, '2018-11-07'),
(1132, '	Isabela	', '	Municipalities of Gamu	', 2, '2018-11-07'),
(1133, '	Isabela	', '	Municipalities of Jones	', 2, '2018-11-07'),
(1134, '	Isabela	', '	Municipalities of Luna	', 2, '2018-11-07'),
(1135, '	Isabela	', '	Municipalities of Maconacon	', 2, '2018-11-07'),
(1136, '	Isabela	', '	Municipalities of Mallig	', 2, '2018-11-07'),
(1137, '	Isabela	', '	Municipalities of Naguilan	', 2, '2018-11-07'),
(1138, '	Isabela	', '	Municipalities of Palanan	', 2, '2018-11-07'),
(1139, '	Isabela	', '	Municipalities of Quezon	', 2, '2018-11-07'),
(1140, '	Isabela	', '	Municipalities of Quirino	', 2, '2018-11-07'),
(1141, '	Isabela	', '	Municipalities of Ramon	', 2, '2018-11-07'),
(1142, '	Isabela	', '	Municipalities of Reina Mercedes	', 2, '2018-11-07'),
(1143, '	Isabela	', '	Municipalities of Roxas	', 2, '2018-11-07'),
(1144, '	Isabela	', '	Municipalities of San Agustin	', 2, '2018-11-07'),
(1145, '	Isabela	', '	Municipalities of San Guillermo	', 2, '2018-11-07'),
(1146, '	Isabela	', '	Municipalities of San Isidro	', 2, '2018-11-07'),
(1147, '	Isabela	', '	Municipalities of San Manuel	', 2, '2018-11-07'),
(1148, '	Isabela	', '	Municipalities of San Mariano	', 2, '2018-11-07'),
(1149, '	Isabela	', '	Municipalities of San Mateo	', 2, '2018-11-07'),
(1150, '	Isabela	', '	Municipalities of San Pablo	', 2, '2018-11-07'),
(1151, '	Isabela	', '	Municipalities of Santa Maria	', 2, '2018-11-07'),
(1152, '	Isabela	', '	Municipalities of Santo Tomas	', 2, '2018-11-07'),
(1153, '	Isabela	', '	Municipalities of Tumauini	', 2, '2018-11-07'),
(1154, '	Kalinga	', '	Province of Kalinga	', 2, '2018-11-07'),
(1155, '	Kalinga	', '	Municipalities of Balbalan	', 2, '2018-11-07'),
(1156, '	Kalinga	', '	Municipalities of Labuagan	', 2, '2018-11-07'),
(1157, '	Kalinga	', '	Municipalities of Pasil	', 2, '2018-11-07'),
(1158, '	Kalinga	', '	Municipalities of Pinukpuk	', 2, '2018-11-07'),
(1159, '	Kalinga	', '	Municipalities of Rizal (Liwan)	', 2, '2018-11-07'),
(1160, '	Kalinga	', '	Municipalities of Tanudan	', 2, '2018-11-07'),
(1161, '	Kalinga	', '	Municipalities of Tinglayan	', 2, '2018-11-07'),
(1162, '	Kalinga	', '	Tabuk City	', 2, '2018-11-07'),
(1163, '	La Union	', '	Municipalities of Agoo	', 2, '2018-11-07'),
(1164, '	La Union	', '	Municipalities of Aringay	', 2, '2018-11-07'),
(1165, '	La Union	', '	Municipalities of Bacnotan	', 2, '2018-11-07'),
(1166, '	La Union	', '	Municipalities of Bagulin	', 2, '2018-11-07'),
(1167, '	La Union	', '	Municipalities of Balaoan	', 2, '2018-11-07'),
(1168, '	La Union	', '	Municipalities of Bangar	', 2, '2018-11-07'),
(1169, '	La Union	', '	Municipalities of Bauang	', 2, '2018-11-07'),
(1170, '	La Union	', '	Municipalities of Burgos	', 2, '2018-11-07'),
(1171, '	La Union	', '	Municipalities of Caba	', 2, '2018-11-07'),
(1172, '	La Union	', '	Municipalities of Luna	', 2, '2018-11-07'),
(1173, '	La Union	', '	Municipalities of Naguilian	', 2, '2018-11-07'),
(1174, '	La Union	', '	Municipalities of Pugo	', 2, '2018-11-07'),
(1175, '	La Union	', '	Municipalities of Rosario	', 2, '2018-11-07'),
(1176, '	La Union	', '	Municipalities of San Gabriel	', 2, '2018-11-07'),
(1177, '	La Union	', '	Municipalities of San Juan	', 2, '2018-11-07'),
(1178, '	La Union	', '	Municipalities of Sto. Tomas	', 2, '2018-11-07'),
(1179, '	La Union	', '	Municipalities of Santol	', 2, '2018-11-07'),
(1180, '	La Union	', '	Municipalities of Sudipen	', 2, '2018-11-07'),
(1181, '	La Union	', '	Municipalities of Tubao	', 2, '2018-11-07'),
(1182, '	La Union	', '	Province of La Union	', 2, '2018-11-07'),
(1183, '	La Union	', '	San Fernando City	', 2, '2018-11-07'),
(1184, '	Laguna	', '	City of Biñan	', 2, '2018-11-07'),
(1185, '	Laguna	', '	City of Cabuyao	', 2, '2018-11-07'),
(1186, '	Laguna	', '	Calamba City	', 2, '2018-11-07'),
(1187, '	Laguna	', '	San Pablo City	', 2, '2018-11-07'),
(1188, '	Laguna	', '	San Pedro City	', 2, '2018-11-07'),
(1189, '	Laguna	', '	Santa Rosa City	', 2, '2018-11-07'),
(1190, '	Laguna	', '	Province of Laguna	', 2, '2018-11-07'),
(1191, '	Laguna	', '	Municipalities of Alaminos	', 2, '2018-11-07'),
(1192, '	Laguna	', '	Municipalities of Bay	', 2, '2018-11-07'),
(1193, '	Laguna	', '	Municipalities of Calauan	', 2, '2018-11-07'),
(1194, '	Laguna	', '	Municipalities of Cavinti	', 2, '2018-11-07'),
(1195, '	Laguna	', '	Municipalities of Famy	', 2, '2018-11-07'),
(1196, '	Laguna	', '	Municipalities of Kalayaan	', 2, '2018-11-07'),
(1197, '	Laguna	', '	Municipalities of Liliw	', 2, '2018-11-07'),
(1198, '	Laguna	', '	Municipalities of Los Baños	', 2, '2018-11-07'),
(1199, '	Laguna	', '	Municipalities of Luisiana	', 2, '2018-11-07'),
(1200, '	Laguna	', '	Municipalities of Lumban	', 2, '2018-11-07'),
(1201, '	Laguna	', '	Municipalities of Mabitac	', 2, '2018-11-07'),
(1202, '	Laguna	', '	Municipalities of Magdalena	', 2, '2018-11-07'),
(1203, '	Laguna	', '	Municipalities of Majayjay	', 2, '2018-11-07'),
(1204, '	Laguna	', '	Municipalities of Nagcarlan	', 2, '2018-11-07'),
(1205, '	Laguna	', '	Municipalities of Paete	', 2, '2018-11-07'),
(1206, '	Laguna	', '	Municipalities of Pagsanjan	', 2, '2018-11-07'),
(1207, '	Laguna	', '	Municipalities of Pakil	', 2, '2018-11-07'),
(1208, '	Laguna	', '	Municipalities of Pangil	', 2, '2018-11-07'),
(1209, '	Laguna	', '	Municipalities of Pila	', 2, '2018-11-07'),
(1210, '	Laguna	', '	Municipalities of Rizal	', 2, '2018-11-07'),
(1211, '	Laguna	', '	Municipalities of Santa Cruz	', 2, '2018-11-07'),
(1212, '	Laguna	', '	Municipalities of Santa Maria	', 2, '2018-11-07'),
(1213, '	Laguna	', '	Municipalities of Siniloan	', 2, '2018-11-07'),
(1214, '	Laguna	', '	Municipalities of Victoria	', 2, '2018-11-07'),
(1215, '	Lanao del Norte	', '	Province of Lanao del Norte	', 2, '2018-11-07'),
(1216, '	Lanao del Norte	', '	Iligan City	', 2, '2018-11-07'),
(1217, '	Lanao del Norte	', '	Municipalities of Bacolod	', 2, '2018-11-07'),
(1218, '	Lanao del Norte	', '	Municipalities of Baloi	', 2, '2018-11-07'),
(1219, '	Lanao del Norte	', '	Municipalities of Baroy	', 2, '2018-11-07'),
(1220, '	Lanao del Norte	', '	Municipalities of Kapatagan	', 2, '2018-11-07'),
(1221, '	Lanao del Norte	', '	Municipalities of Kauswagan	', 2, '2018-11-07'),
(1222, '	Lanao del Norte	', '	Municipalities of Kolambugan	', 2, '2018-11-07'),
(1223, '	Lanao del Norte	', '	Municipalities of Lala	', 2, '2018-11-07'),
(1224, '	Lanao del Norte	', '	Municipalities of Linamon	', 2, '2018-11-07'),
(1225, '	Lanao del Norte	', '	Municipalities of Magsaysay	', 2, '2018-11-07'),
(1226, '	Lanao del Norte	', '	Municipalities of Maigo	', 2, '2018-11-07'),
(1227, '	Lanao del Norte	', '	Municipalities of Matungao	', 2, '2018-11-07'),
(1228, '	Lanao del Norte	', '	Municipalities of Munai	', 2, '2018-11-07'),
(1229, '	Lanao del Norte	', '	Municipalities of Nunungan	', 2, '2018-11-07'),
(1230, '	Lanao del Norte	', '	Municipalities of Pantao Ragat	', 2, '2018-11-07'),
(1231, '	Lanao del Norte	', '	Municipalities of Pantar	', 2, '2018-11-07'),
(1232, '	Lanao del Norte	', '	Municipalities of Poona Piagapo	', 2, '2018-11-07'),
(1233, '	Lanao del Norte	', '	Municipalities of Salvador	', 2, '2018-11-07'),
(1234, '	Lanao del Norte	', '	Municipalities of Sapad	', 2, '2018-11-07'),
(1235, '	Lanao del Norte	', '	Municipalities of Sultan Naga Dimaporo (Karomatan)	', 2, '2018-11-07'),
(1236, '	Lanao del Norte	', '	Municipalities of Tagoloan	', 2, '2018-11-07'),
(1237, '	Lanao del Norte	', '	Municipalities of Tangcal	', 2, '2018-11-07'),
(1238, '	Lanao del Norte	', '	Municipalities of Tubod	', 2, '2018-11-07'),
(1239, '	Lanao del Sur	', '	Province of Lanao del Sur	', 2, '2018-11-07'),
(1240, '	Lanao del Sur	', '	Marawi City	', 2, '2018-11-07'),
(1241, '	Lanao del Sur	', '	Municipalities of Bacolod-Kalawi (Bacolod-Grande)	', 2, '2018-11-07'),
(1242, '	Lanao del Sur	', '	Municipalities of Balabagan	', 2, '2018-11-07'),
(1243, '	Lanao del Sur	', '	Municipalities of Balindong (WATO)	', 2, '2018-11-07'),
(1244, '	Lanao del Sur	', '	Municipalities of Bayang	', 2, '2018-11-07'),
(1245, '	Lanao del Sur	', '	Municipalities of Binidayan	', 2, '2018-11-07'),
(1246, '	Lanao del Sur	', '	Municipalities of Buadiposo-Buntong	', 2, '2018-11-07'),
(1247, '	Lanao del Sur	', '	Municipalities of Bubong	', 2, '2018-11-07'),
(1248, '	Lanao del Sur	', '	Municipalities of Bumbaran	', 2, '2018-11-07'),
(1249, '	Lanao del Sur	', '	Municipalities of Butig	', 2, '2018-11-07'),
(1250, '	Lanao del Sur	', '	Municipalities of Calanogas	', 2, '2018-11-07'),
(1251, '	Lanao del Sur	', '	Municipalities of Ditsaan-Ramain	', 2, '2018-11-07'),
(1252, '	Lanao del Sur	', '	Municipalities of Ganassi	', 2, '2018-11-07'),
(1253, '	Lanao del Sur	', '	Municipalities of Kapai	', 2, '2018-11-07'),
(1254, '	Lanao del Sur	', '	Municipalities of Kapatagan	', 2, '2018-11-07'),
(1255, '	Lanao del Sur	', '	Municipalities of Lumba-Bayabao	', 2, '2018-11-07'),
(1256, '	Lanao del Sur	', '	Municipalities of Lumbaca-Unayan	', 2, '2018-11-07'),
(1257, '	Lanao del Sur	', '	Municipalities of Lumbatan (Macadar)	', 2, '2018-11-07'),
(1258, '	Lanao del Sur	', '	Municipalities of Lumbayanague (Nanagen)	', 2, '2018-11-07'),
(1259, '	Lanao del Sur	', '	Municipalities of Madalum	', 2, '2018-11-07'),
(1260, '	Lanao del Sur	', '	Municipalities of Madamba (Uya-an)	', 2, '2018-11-07'),
(1261, '	Lanao del Sur	', '	Municipalities of Maguing	', 2, '2018-11-07'),
(1262, '	Lanao del Sur	', '	Municipalities of Malabang	', 2, '2018-11-07'),
(1263, '	Lanao del Sur	', '	Municipalities of Marantao(Inudaran)	', 2, '2018-11-07'),
(1264, '	Lanao del Sur	', '	Municipalities of Marogong	', 2, '2018-11-07'),
(1265, '	Lanao del Sur	', '	Municipalities of Masiu	', 2, '2018-11-07'),
(1266, '	Lanao del Sur	', '	Municipalities of Mulondo	', 2, '2018-11-07'),
(1267, '	Lanao del Sur	', '	Municipalities of Pagayawan	', 2, '2018-11-07'),
(1268, '	Lanao del Sur	', '	Municipalities of Piagapo	', 2, '2018-11-07'),
(1269, '	Lanao del Sur	', '	Municipalities of Picong (Sultan Gumander)[1]	', 2, '2018-11-07'),
(1270, '	Lanao del Sur	', '	Municipalities of Poona Bayabao (Gata)	', 2, '2018-11-07'),
(1271, '	Lanao del Sur	', '	Municipalities of Pualas	', 2, '2018-11-07'),
(1272, '	Lanao del Sur	', '	Municipalities of Saguiaran	', 2, '2018-11-07'),
(1273, '	Lanao del Sur	', '	Municipalities of Sultan Dumalondong (Bacayawan)	', 2, '2018-11-07'),
(1274, '	Lanao del Sur	', '	Municipalities of Tagoloan II	', 2, '2018-11-07'),
(1275, '	Lanao del Sur	', '	Municipalities of Tamparan	', 2, '2018-11-07'),
(1276, '	Lanao del Sur	', '	Municipalities of Taraka	', 2, '2018-11-07'),
(1277, '	Lanao del Sur	', '	Municipalities of Tubaran	', 2, '2018-11-07'),
(1278, '	Lanao del Sur	', '	Municipalities of Tugaya	', 2, '2018-11-07'),
(1279, '	Lanao del Sur	', '	Municipalities of Wao	', 2, '2018-11-07'),
(1280, '	Leyte	', '	Province of Leyte	', 2, '2018-11-07'),
(1281, '	Leyte	', '	Baybay City	', 2, '2018-11-07'),
(1282, '	Leyte	', '	Ormoc City	', 2, '2018-11-07'),
(1283, '	Leyte	', '	Tacloban City	', 2, '2018-11-07'),
(1284, '	Leyte	', '	Municipalities of Abuyog	', 2, '2018-11-07'),
(1285, '	Leyte	', '	Municipalities of Alangalang	', 2, '2018-11-07'),
(1286, '	Leyte	', '	Municipalities of Albuera	', 2, '2018-11-07'),
(1287, '	Leyte	', '	Municipalities of Babatngon	', 2, '2018-11-07'),
(1288, '	Leyte	', '	Municipalities of Barugo	', 2, '2018-11-07'),
(1289, '	Leyte	', '	Municipalities of Bato	', 2, '2018-11-07'),
(1290, '	Leyte	', '	Municipalities of Burauen	', 2, '2018-11-07'),
(1291, '	Leyte	', '	Municipalities of Calubian	', 2, '2018-11-07'),
(1292, '	Leyte	', '	Municipalities of Capoocan	', 2, '2018-11-07'),
(1293, '	Leyte	', '	Municipalities of Carigara	', 2, '2018-11-07'),
(1294, '	Leyte	', '	Municipalities of Dagami	', 2, '2018-11-07'),
(1295, '	Leyte	', '	Municipalities of Dulag	', 2, '2018-11-07'),
(1296, '	Leyte	', '	Municipalities of Hilongos	', 2, '2018-11-07'),
(1297, '	Leyte	', '	Municipalities of Hindang	', 2, '2018-11-07'),
(1298, '	Leyte	', '	Municipalities of Inopacan	', 2, '2018-11-07'),
(1299, '	Leyte	', '	Municipalities of Isabel	', 2, '2018-11-07'),
(1300, '	Leyte	', '	Municipalities of Jaro	', 2, '2018-11-07'),
(1301, '	Leyte	', '	Municipalities of Javier	', 2, '2018-11-07'),
(1302, '	Leyte	', '	Municipalities of Julita	', 2, '2018-11-07'),
(1303, '	Leyte	', '	Municipalities of Kananga	', 2, '2018-11-07');
INSERT INTO `tbl_agency` (`agency_id`, `head_agency_name`, `agency_name`, `agency_type`, `agency_dateadd`) VALUES
(1304, '	Leyte	', '	Municipalities of La Paz	', 2, '2018-11-07'),
(1305, '	Leyte	', '	Municipalities of Leyte	', 2, '2018-11-07'),
(1306, '	Leyte	', '	Municipalities of MacArthur	', 2, '2018-11-07'),
(1307, '	Leyte	', '	Municipalities of Mahaplag	', 2, '2018-11-07'),
(1308, '	Leyte	', '	Municipalities of Matag-ob	', 2, '2018-11-07'),
(1309, '	Leyte	', '	Municipalities of Matalom	', 2, '2018-11-07'),
(1310, '	Leyte	', '	Municipalities of Mayorga	', 2, '2018-11-07'),
(1311, '	Leyte	', '	Municipalities of Merida	', 2, '2018-11-07'),
(1312, '	Leyte	', '	Municipalities of Palo	', 2, '2018-11-07'),
(1313, '	Leyte	', '	Municipalities of Palompon	', 2, '2018-11-07'),
(1314, '	Leyte	', '	Municipalities of Pastrana	', 2, '2018-11-07'),
(1315, '	Leyte	', '	Municipalities of San Isidro	', 2, '2018-11-07'),
(1316, '	Leyte	', '	Municipalities of San Miguel	', 2, '2018-11-07'),
(1317, '	Leyte	', '	Municipalities of Santa Fe	', 2, '2018-11-07'),
(1318, '	Leyte	', '	Municipalities of Tabango	', 2, '2018-11-07'),
(1319, '	Leyte	', '	Municipalities of Tabontabon	', 2, '2018-11-07'),
(1320, '	Leyte	', '	Municipalities of Tanauan	', 2, '2018-11-07'),
(1321, '	Leyte	', '	Municipalities of Tolosa	', 2, '2018-11-07'),
(1322, '	Leyte	', '	Municipalities of Tunga	', 2, '2018-11-07'),
(1323, '	Leyte	', '	Municipalities of Villaba	', 2, '2018-11-07'),
(1324, '	Maguindanao	', '	Province of Maguindanao	', 2, '2018-11-07'),
(1325, '	Maguindanao	', '	Municipalities of Ampatuan	', 2, '2018-11-07'),
(1326, '	Maguindanao	', '	Municipalities of Barira	', 2, '2018-11-07'),
(1327, '	Maguindanao	', '	Municipalities of Buldon	', 2, '2018-11-07'),
(1328, '	Maguindanao	', '	Municipalities of Buluan	', 2, '2018-11-07'),
(1329, '	Maguindanao	', '	Municipalities of Datu Abdullah Sangki	', 2, '2018-11-07'),
(1330, '	Maguindanao	', '	Municipalities of Datu Anggal Midtimbang	', 2, '2018-11-07'),
(1331, '	Maguindanao	', '	Municipalities of Datu Blah T. Sinsuat	', 2, '2018-11-07'),
(1332, '	Maguindanao	', '	Municipalities of Datu Hoffer Ampatuan	', 2, '2018-11-07'),
(1333, '	Maguindanao	', '	Municipalities of Datu Odin Sinsuat	', 2, '2018-11-07'),
(1334, '	Maguindanao	', '	Municipalities of Datu Paglas	', 2, '2018-11-07'),
(1335, '	Maguindanao	', '	Municipalities of Datu Piang (Dulawan)	', 2, '2018-11-07'),
(1336, '	Maguindanao	', '	Municipalities of Datu Salibo	', 2, '2018-11-07'),
(1337, '	Maguindanao	', '	Municipalities of Datu Saudi-Ampatuan	', 2, '2018-11-07'),
(1338, '	Maguindanao	', '	Municipalities of Datu Unsay	', 2, '2018-11-07'),
(1339, '	Maguindanao	', '	Municipalities of Gen. S. K. Pendatun	', 2, '2018-11-07'),
(1340, '	Maguindanao	', '	Municipalities of Guindulungan	', 2, '2018-11-07'),
(1341, '	Maguindanao	', '	Municipalities of Kabuntalan	', 2, '2018-11-07'),
(1342, '	Maguindanao	', '	Municipalities of Mamasapano	', 2, '2018-11-07'),
(1343, '	Maguindanao	', '	Municipalities of Mangudadatu	', 2, '2018-11-07'),
(1344, '	Maguindanao	', '	Municipalities of Matanog	', 2, '2018-11-07'),
(1345, '	Maguindanao	', '	Municipalities of Northern Kabuntalan	', 2, '2018-11-07'),
(1346, '	Maguindanao	', '	Municipalities of Pagagawan (Datu Montawal)	', 2, '2018-11-07'),
(1347, '	Maguindanao	', '	Municipalities of Pagalungan	', 2, '2018-11-07'),
(1348, '	Maguindanao	', '	Municipalities of Paglat	', 2, '2018-11-07'),
(1349, '	Maguindanao	', '	Municipalities of Pandag	', 2, '2018-11-07'),
(1350, '	Maguindanao	', '	Municipalities of Parang	', 2, '2018-11-07'),
(1351, '	Maguindanao	', '	Municipalities of Rajah Buayan	', 2, '2018-11-07'),
(1352, '	Maguindanao	', '	Municipalities of Shariff Aguak (Maganoy)	', 2, '2018-11-07'),
(1353, '	Maguindanao	', '	Municipalities of Shariff Saydona Mustapha	', 2, '2018-11-07'),
(1354, '	Maguindanao	', '	Municipalities of South Upi	', 2, '2018-11-07'),
(1355, '	Maguindanao	', '	Municipalities of Sultan Kudarat (Nuling)	', 2, '2018-11-07'),
(1356, '	Maguindanao	', '	Municipalities of Sultan Mastura	', 2, '2018-11-07'),
(1357, '	Maguindanao	', '	Municipalities of Sultan sa Barongis (Lambayong)	', 2, '2018-11-07'),
(1358, '	Maguindanao	', '	Municipalities of Sultan Sumagka (Talitay)	', 2, '2018-11-07'),
(1359, '	Maguindanao	', '	Municipalities of Talayan	', 2, '2018-11-07'),
(1360, '	Maguindanao	', '	Municipalities of Upi	', 2, '2018-11-07'),
(1361, '	Marinduque	', '	Province of Marinduque	', 2, '2018-11-07'),
(1362, '	Marinduque	', '	Municipalities of Boac	', 2, '2018-11-07'),
(1363, '	Marinduque	', '	Municipalities of Buenavista	', 2, '2018-11-07'),
(1364, '	Marinduque	', '	Municipalities of Gasan	', 2, '2018-11-07'),
(1365, '	Marinduque	', '	Municipalities of Mogpog	', 2, '2018-11-07'),
(1366, '	Marinduque	', '	Municipalities of Sta. Cruz	', 2, '2018-11-07'),
(1367, '	Marinduque	', '	Municipalities of Torrijos	', 2, '2018-11-07'),
(1368, '	Masbate	', '	Province of Masbate	', 2, '2018-11-07'),
(1369, '	Masbate	', '	Municipalities of Aroroy	', 2, '2018-11-07'),
(1370, '	Masbate	', '	Municipalities of Baleno	', 2, '2018-11-07'),
(1371, '	Masbate	', '	Municipalities of Balud	', 2, '2018-11-07'),
(1372, '	Masbate	', '	Municipalities of Batuan	', 2, '2018-11-07'),
(1373, '	Masbate	', '	Municipalities of Cataingan	', 2, '2018-11-07'),
(1374, '	Masbate	', '	Municipalities of Cawayan	', 2, '2018-11-07'),
(1375, '	Masbate	', '	Municipalities of Claveria	', 2, '2018-11-07'),
(1376, '	Masbate	', '	Municipalities of Dimasalang	', 2, '2018-11-07'),
(1377, '	Masbate	', '	Municipalities of Esperanza	', 2, '2018-11-07'),
(1378, '	Masbate	', '	Municipalities of Mandaon	', 2, '2018-11-07'),
(1379, '	Masbate	', '	Municipalities of Milagros	', 2, '2018-11-07'),
(1380, '	Masbate	', '	Municipalities of Mobo	', 2, '2018-11-07'),
(1381, '	Masbate	', '	Municipalities of Monreal	', 2, '2018-11-07'),
(1382, '	Masbate	', '	Municipalities of Palanas	', 2, '2018-11-07'),
(1383, '	Masbate	', '	Municipalities of Pio V. Corpuz	', 2, '2018-11-07'),
(1384, '	Masbate	', '	Municipalities of Placer	', 2, '2018-11-07'),
(1385, '	Masbate	', '	Municipalities of San Fernando	', 2, '2018-11-07'),
(1386, '	Masbate	', '	Municipalities of San Jacinto	', 2, '2018-11-07'),
(1387, '	Masbate	', '	Municipalities of San Pacual	', 2, '2018-11-07'),
(1388, '	Masbate	', '	Municipalities of Uson	', 2, '2018-11-07'),
(1389, '	Masbate	', '	Masbate City	', 2, '2018-11-07'),
(1390, '	Metro Manila	', '	Caloocan City	', 2, '2018-11-07'),
(1391, '	Metro Manila	', '	Las  Piñas City	', 2, '2018-11-07'),
(1392, '	Metro Manila	', '	Makati City	', 2, '2018-11-07'),
(1393, '	Metro Manila	', '	City of Malabon	', 2, '2018-11-07'),
(1394, '	Metro Manila	', '	City of Mandaluyong	', 2, '2018-11-07'),
(1395, '	Metro Manila	', '	City of Manila	', 2, '2018-11-07'),
(1396, '	Metro Manila	', '	City of Marikina	', 2, '2018-11-07'),
(1397, '	Metro Manila	', '	City of Muntinlupa	', 2, '2018-11-07'),
(1398, '	Metro Manila	', '	City of Navotas	', 2, '2018-11-07'),
(1399, '	Metro Manila	', '	City of Parañaque	', 2, '2018-11-07'),
(1400, '	Metro Manila	', '	Pasay City	', 2, '2018-11-07'),
(1401, '	Metro Manila	', '	City of Pasig	', 2, '2018-11-07'),
(1402, '	Metro Manila	', '	Quezon City	', 2, '2018-11-07'),
(1403, '	Metro Manila	', '	San Juan City	', 2, '2018-11-07'),
(1404, '	Metro Manila	', '	City of Taguig	', 2, '2018-11-07'),
(1405, '	Metro Manila	', '	City of Valenzuela	', 2, '2018-11-07'),
(1406, '	Metro Manila	', '	Municipalities of Pateros	', 2, '2018-11-07'),
(1407, '	Mindoro Occidental	', '	Province of Mindoro Occidental	', 2, '2018-11-07'),
(1408, '	Mindoro Occidental	', '	Municipalities of Abra de Ilog	', 2, '2018-11-07'),
(1409, '	Mindoro Occidental	', '	Municipalities of Calintaan	', 2, '2018-11-07'),
(1410, '	Mindoro Occidental	', '	Municipalities of Looc	', 2, '2018-11-07'),
(1411, '	Mindoro Occidental	', '	Municipalities of Lubang	', 2, '2018-11-07'),
(1412, '	Mindoro Occidental	', '	Municipalities of Magsaysay	', 2, '2018-11-07'),
(1413, '	Mindoro Occidental	', '	Municipalities of Mamburao	', 2, '2018-11-07'),
(1414, '	Mindoro Occidental	', '	Municipalities of Paluan	', 2, '2018-11-07'),
(1415, '	Mindoro Occidental	', '	Municipalities of Rizal	', 2, '2018-11-07'),
(1416, '	Mindoro Occidental	', '	Municipalities of Sablayan	', 2, '2018-11-07'),
(1417, '	Mindoro Occidental	', '	Municipalities of San Jose	', 2, '2018-11-07'),
(1418, '	Mindoro Occidental	', '	Municipalities of Santa Cruz	', 2, '2018-11-07'),
(1419, '	Mindoro Oriental	', '	Municipalities of Baco	', 2, '2018-11-07'),
(1420, '	Mindoro Oriental	', '	Municipalities of Bansud	', 2, '2018-11-07'),
(1421, '	Mindoro Oriental	', '	Municipalities of Bongabong	', 2, '2018-11-07'),
(1422, '	Mindoro Oriental	', '	Municipalities of Bulalacao	', 2, '2018-11-07'),
(1423, '	Mindoro Oriental	', '	Municipalities of Gloria	', 2, '2018-11-07'),
(1424, '	Mindoro Oriental	', '	Municipalities of Mansalay	', 2, '2018-11-07'),
(1425, '	Mindoro Oriental	', '	Municipalities of Naujan	', 2, '2018-11-07'),
(1426, '	Mindoro Oriental	', '	Municipalities of Pinamalayan	', 2, '2018-11-07'),
(1427, '	Mindoro Oriental	', '	Municipalities of Pola	', 2, '2018-11-07'),
(1428, '	Mindoro Oriental	', '	Municipalities of Puerto Galera	', 2, '2018-11-07'),
(1429, '	Mindoro Oriental	', '	Municipalities of Roxas	', 2, '2018-11-07'),
(1430, '	Mindoro Oriental	', '	Municipalities of San Teodoro	', 2, '2018-11-07'),
(1431, '	Mindoro Oriental	', '	Municipalities of Socorro	', 2, '2018-11-07'),
(1432, '	Mindoro Oriental	', '	Municipalities of Victoria	', 2, '2018-11-07'),
(1433, '	Mindoro Oriental	', '	Province of Mindoro Oriental	', 2, '2018-11-07'),
(1434, '	Mindoro Oriental	', '	Calapan City	', 2, '2018-11-07'),
(1435, '	Misamis Occidental	', '	Oroquieta City	', 2, '2018-11-07'),
(1436, '	Misamis Occidental	', '	Ozamiz City	', 2, '2018-11-07'),
(1437, '	Misamis Occidental	', '	Tangub City	', 2, '2018-11-07'),
(1438, '	Misamis Occidental	', '	Municipalities of Aloran	', 2, '2018-11-07'),
(1439, '	Misamis Occidental	', '	Municipalities of Baliangao	', 2, '2018-11-07'),
(1440, '	Misamis Occidental	', '	Municipalities of Bonifacio	', 2, '2018-11-07'),
(1441, '	Misamis Occidental	', '	Municipalities of Calamba	', 2, '2018-11-07'),
(1442, '	Misamis Occidental	', '	Municipalities of Clarin	', 2, '2018-11-07'),
(1443, '	Misamis Occidental	', '	Municipalities of Concepcion	', 2, '2018-11-07'),
(1444, '	Misamis Occidental	', '	Municipalities of Don Victoriano Chiongbian (Don Mariano Marcos)	', 2, '2018-11-07'),
(1445, '	Misamis Occidental	', '	Municipalities of Jimenez	', 2, '2018-11-07'),
(1446, '	Misamis Occidental	', '	Municipalities of Lopez Jaena	', 2, '2018-11-07'),
(1447, '	Misamis Occidental	', '	Municipalities of Panaon	', 2, '2018-11-07'),
(1448, '	Misamis Occidental	', '	Municipalities of Plaridel	', 2, '2018-11-07'),
(1449, '	Misamis Occidental	', '	Municipalities of Sapang Dalaga	', 2, '2018-11-07'),
(1450, '	Misamis Occidental	', '	Municipalities of Sinacaban	', 2, '2018-11-07'),
(1451, '	Misamis Occidental	', '	Municipalities of Tudela	', 2, '2018-11-07'),
(1452, '	Misamis Occidental	', '	Province of Misamis Occidental	', 2, '2018-11-07'),
(1453, '	Misamis Oriental	', '	Province of Misamis Oriental	', 2, '2018-11-07'),
(1454, '	Misamis Oriental	', '	Municipalities of Alubijid	', 2, '2018-11-07'),
(1455, '	Misamis Oriental	', '	Municipalities of Balingasag	', 2, '2018-11-07'),
(1456, '	Misamis Oriental	', '	Municipalities of Balingoan	', 2, '2018-11-07'),
(1457, '	Misamis Oriental	', '	Municipalities of Binuangan	', 2, '2018-11-07'),
(1458, '	Misamis Oriental	', '	Municipalities of Claveria	', 2, '2018-11-07'),
(1459, '	Misamis Oriental	', '	Municipalities of Gitagum	', 2, '2018-11-07'),
(1460, '	Misamis Oriental	', '	Municipalities of Initao	', 2, '2018-11-07'),
(1461, '	Misamis Oriental	', '	Municipalities of Jasaan	', 2, '2018-11-07'),
(1462, '	Misamis Oriental	', '	Municipalities of Kinoguitan	', 2, '2018-11-07'),
(1463, '	Misamis Oriental	', '	Municipalities of Lagonglong	', 2, '2018-11-07'),
(1464, '	Misamis Oriental	', '	Municipalities of Laguindingan	', 2, '2018-11-07'),
(1465, '	Misamis Oriental	', '	Municipalities of Libertad	', 2, '2018-11-07'),
(1466, '	Misamis Oriental	', '	Municipalities of Lugait	', 2, '2018-11-07'),
(1467, '	Misamis Oriental	', '	Municipalities of Magsaysay	', 2, '2018-11-07'),
(1468, '	Misamis Oriental	', '	Municipalities of Manticao	', 2, '2018-11-07'),
(1469, '	Misamis Oriental	', '	Municipalities of Medina	', 2, '2018-11-07'),
(1470, '	Misamis Oriental	', '	Municipalities of Naawan	', 2, '2018-11-07'),
(1471, '	Misamis Oriental	', '	Municipalities of Opol	', 2, '2018-11-07'),
(1472, '	Misamis Oriental	', '	Municipalities of Salay	', 2, '2018-11-07'),
(1473, '	Misamis Oriental	', '	Municipalities of Sugbongcogon	', 2, '2018-11-07'),
(1474, '	Misamis Oriental	', '	Municipalities of Tagoloan 	', 2, '2018-11-07'),
(1475, '	Misamis Oriental	', '	Municipalities of Talisayan	', 2, '2018-11-07'),
(1476, '	Misamis Oriental	', '	Municipalities of Villanueva	', 2, '2018-11-07'),
(1477, '	Misamis Oriental	', '	El Salvador City	', 2, '2018-11-07'),
(1478, '	Misamis Oriental	', '	Gingoog City	', 2, '2018-11-07'),
(1479, '	Misamis Oriental	', '	Cagayan De Oro City	', 2, '2018-11-07'),
(1480, '	Mt. Province	', '	Province of Mt. Province	', 2, '2018-11-07'),
(1481, '	Mt. Province	', '	Municipalities of Barlig	', 2, '2018-11-07'),
(1482, '	Mt. Province	', '	Municipalities of Bauko	', 2, '2018-11-07'),
(1483, '	Mt. Province	', '	Municipalities of Besao	', 2, '2018-11-07'),
(1484, '	Mt. Province	', '	Municipalities of Bontoc	', 2, '2018-11-07'),
(1485, '	Mt. Province	', '	Municipalities of Natonin	', 2, '2018-11-07'),
(1486, '	Mt. Province	', '	Municipalities of Paracelis	', 2, '2018-11-07'),
(1487, '	Mt. Province	', '	Municipalities of Sabangan	', 2, '2018-11-07'),
(1488, '	Mt. Province	', '	Municipalities of Sadangan	', 2, '2018-11-07'),
(1489, '	Mt. Province	', '	Municipalities of Sagada	', 2, '2018-11-07'),
(1490, '	Mt. Province	', '	Municipalities of Tadian	', 2, '2018-11-07'),
(1491, '	Negros Occidental	', '	Province of Negros Occidental	', 2, '2018-11-07'),
(1492, '	Negros Occidental	', '	Bacolod City	', 2, '2018-11-07'),
(1493, '	Negros Occidental	', '	Bago City	', 2, '2018-11-07'),
(1494, '	Negros Occidental	', '	Cadiz City	', 2, '2018-11-07'),
(1495, '	Negros Occidental	', '	Escalante City	', 2, '2018-11-07'),
(1496, '	Negros Occidental	', '	Himamaylan City	', 2, '2018-11-07'),
(1497, '	Negros Occidental	', '	Kabankalan City	', 2, '2018-11-07'),
(1498, '	Negros Occidental	', '	La Carlota City	', 2, '2018-11-07'),
(1499, '	Negros Occidental	', '	Sagay City	', 2, '2018-11-07'),
(1500, '	Negros Occidental	', '	San Carlos City	', 2, '2018-11-07'),
(1501, '	Negros Occidental	', '	Silay City	', 2, '2018-11-07'),
(1502, '	Negros Occidental	', '	Sipalay City	', 2, '2018-11-07'),
(1503, '	Negros Occidental	', '	Talisay City	', 2, '2018-11-07'),
(1504, '	Negros Occidental	', '	Victorias City	', 2, '2018-11-07'),
(1505, '	Negros Occidental	', '	Municipalities of Binalbagan	', 2, '2018-11-07'),
(1506, '	Negros Occidental	', '	Municipalities of Calatrava	', 2, '2018-11-07'),
(1507, '	Negros Occidental	', '	Municipalities of Candoni	', 2, '2018-11-07'),
(1508, '	Negros Occidental	', '	Municipalities of Cauayan	', 2, '2018-11-07'),
(1509, '	Negros Occidental	', '	Municipalities of Enrique B. Magalona (Saravia)	', 2, '2018-11-07'),
(1510, '	Negros Occidental	', '	Municipalities of Hinigaran	', 2, '2018-11-07'),
(1511, '	Negros Occidental	', '	Municipalities of Hinoba-an (Asia)	', 2, '2018-11-07'),
(1512, '	Negros Occidental	', '	Municipalities of Ilog	', 2, '2018-11-07'),
(1513, '	Negros Occidental	', '	Municipalities of Isabela	', 2, '2018-11-07'),
(1514, '	Negros Occidental	', '	Municipalities of La Castellana	', 2, '2018-11-07'),
(1515, '	Negros Occidental	', '	Municipalities of Manapla	', 2, '2018-11-07'),
(1516, '	Negros Occidental	', '	Municipalities of Moises Padilla (Magallon)	', 2, '2018-11-07'),
(1517, '	Negros Occidental	', '	Municipalities of Murcia	', 2, '2018-11-07'),
(1518, '	Negros Occidental	', '	Municipalities of Pontevedra	', 2, '2018-11-07'),
(1519, '	Negros Occidental	', '	Municipalities of Pulupandan	', 2, '2018-11-07'),
(1520, '	Negros Occidental	', '	Municipalities of Salvador Benedicto	', 2, '2018-11-07'),
(1521, '	Negros Occidental	', '	Municipalities of San Enrique	', 2, '2018-11-07'),
(1522, '	Negros Occidental	', '	Municipalities of Toboso	', 2, '2018-11-07'),
(1523, '	Negros Occidental	', '	Municipalities of Valladolid	', 2, '2018-11-07'),
(1524, '	Negros Oriental	', '	Bais City	', 2, '2018-11-07'),
(1525, '	Negros Oriental	', '	Bayawan City	', 2, '2018-11-07'),
(1526, '	Negros Oriental	', '	Canlaon City	', 2, '2018-11-07'),
(1527, '	Negros Oriental	', '	Dumaguete City	', 2, '2018-11-07'),
(1528, '	Negros Oriental	', '	Guihulngan City	', 2, '2018-11-07'),
(1529, '	Negros Oriental	', '	Tanjay City	', 2, '2018-11-07'),
(1530, '	Negros Oriental	', '	Municipalities of Amlan	', 2, '2018-11-07'),
(1531, '	Negros Oriental	', '	Municipalities of Ayungon	', 2, '2018-11-07'),
(1532, '	Negros Oriental	', '	Municipalities of Bacong	', 2, '2018-11-07'),
(1533, '	Negros Oriental	', '	Municipalities of Basay	', 2, '2018-11-07'),
(1534, '	Negros Oriental	', '	Municipalities of Bindoy	', 2, '2018-11-07'),
(1535, '	Negros Oriental	', '	Municipalities of Dauin	', 2, '2018-11-07'),
(1536, '	Negros Oriental	', '	Municipalities of Jimalalud	', 2, '2018-11-07'),
(1537, '	Negros Oriental	', '	Municipalities of La Libertad	', 2, '2018-11-07'),
(1538, '	Negros Oriental	', '	Municipalities of Mabinay	', 2, '2018-11-07'),
(1539, '	Negros Oriental	', '	Municipalities of Manjuyod	', 2, '2018-11-07'),
(1540, '	Negros Oriental	', '	Municipalities of Pamplona	', 2, '2018-11-07'),
(1541, '	Negros Oriental	', '	Municipalities of San Jose	', 2, '2018-11-07'),
(1542, '	Negros Oriental	', '	Municipalities of Santa Catalina	', 2, '2018-11-07'),
(1543, '	Negros Oriental	', '	Municipalities of Siaton	', 2, '2018-11-07'),
(1544, '	Negros Oriental	', '	Municipalities of Sibulan	', 2, '2018-11-07'),
(1545, '	Negros Oriental	', '	Municipalities of Tayasan	', 2, '2018-11-07'),
(1546, '	Negros Oriental	', '	Municipalities of Valencia[14][15]	', 2, '2018-11-07'),
(1547, '	Negros Oriental	', '	Municipalities of Vallehermoso	', 2, '2018-11-07'),
(1548, '	Negros Oriental	', '	Municipalities of Zamboanguita	', 2, '2018-11-07'),
(1549, '	Negros Oriental	', '	Province of Negros Oriental	', 2, '2018-11-07'),
(1550, '	Northern Samar	', '	Province of Northern Samar	', 2, '2018-11-07'),
(1551, '	Northern Samar	', '	Municipalities of Allen	', 2, '2018-11-07'),
(1552, '	Northern Samar	', '	Municipalities of Biri	', 2, '2018-11-07'),
(1553, '	Northern Samar	', '	Municipalities of Bobon	', 2, '2018-11-07'),
(1554, '	Northern Samar	', '	Municipalities of Capul	', 2, '2018-11-07'),
(1555, '	Northern Samar	', '	Municipalities of Catarman	', 2, '2018-11-07'),
(1556, '	Northern Samar	', '	Municipalities of Catubig	', 2, '2018-11-07'),
(1557, '	Northern Samar	', '	Municipalities of Gamay	', 2, '2018-11-07'),
(1558, '	Northern Samar	', '	Municipalities of Laoang	', 2, '2018-11-07'),
(1559, '	Northern Samar	', '	Municipalities of Lapinig	', 2, '2018-11-07'),
(1560, '	Northern Samar	', '	Municipalities of Las Navas	', 2, '2018-11-07'),
(1561, '	Northern Samar	', '	Municipalities of Lavezares	', 2, '2018-11-07'),
(1562, '	Northern Samar	', '	Municipalities of Lope de Vega	', 2, '2018-11-07'),
(1563, '	Northern Samar	', '	Municipalities of Mapanas	', 2, '2018-11-07'),
(1564, '	Northern Samar	', '	Municipalities of Mondragon	', 2, '2018-11-07'),
(1565, '	Northern Samar	', '	Municipalities of Palapag	', 2, '2018-11-07'),
(1566, '	Northern Samar	', '	Municipalities of Pambujan	', 2, '2018-11-07'),
(1567, '	Northern Samar	', '	Municipalities of Rosario	', 2, '2018-11-07'),
(1568, '	Northern Samar	', '	Municipalities of San Antonio	', 2, '2018-11-07'),
(1569, '	Northern Samar	', '	Municipalities of San Isidro	', 2, '2018-11-07'),
(1570, '	Northern Samar	', '	Municipalities of San Jose	', 2, '2018-11-07'),
(1571, '	Northern Samar	', '	Municipalities of San Roque	', 2, '2018-11-07'),
(1572, '	Northern Samar	', '	Municipalities of San Vicente	', 2, '2018-11-07'),
(1573, '	Northern Samar	', '	Municipalities of Silvino Lobos	', 2, '2018-11-07'),
(1574, '	Northern Samar	', '	Municipalities of Victoria	', 2, '2018-11-07'),
(1575, '	Nueva Ecija	', '	Province of Nueva Ecija	', 2, '2018-11-07'),
(1576, '	Nueva Ecija	', '	Cabanatuan City	', 2, '2018-11-07'),
(1577, '	Nueva Ecija	', '	Gapan City	', 2, '2018-11-07'),
(1578, '	Nueva Ecija	', '	Palayan City	', 2, '2018-11-07'),
(1579, '	Nueva Ecija	', '	San Jose City	', 2, '2018-11-07'),
(1580, '	Nueva Ecija	', '	Science City of Muñoz	', 2, '2018-11-07'),
(1581, '	Nueva Ecija	', '	Municipalities of Aliaga	', 2, '2018-11-07'),
(1582, '	Nueva Ecija	', '	Municipalities of Bongabon	', 2, '2018-11-07'),
(1583, '	Nueva Ecija	', '	Municipalities of Cabiao	', 2, '2018-11-07'),
(1584, '	Nueva Ecija	', '	Municipalities of Carranglan	', 2, '2018-11-07'),
(1585, '	Nueva Ecija	', '	Municipalities of Cuyapo	', 2, '2018-11-07'),
(1586, '	Nueva Ecija	', '	Municipalities of Gabaldon	', 2, '2018-11-07'),
(1587, '	Nueva Ecija	', '	Municipalities of Gen. Mamerto Natividad	', 2, '2018-11-07'),
(1588, '	Nueva Ecija	', '	Municipalities of Guimba	', 2, '2018-11-07'),
(1589, '	Nueva Ecija	', '	Municipalities of General Tinio	', 2, '2018-11-07'),
(1590, '	Nueva Ecija	', '	Municipalities of Jaén	', 2, '2018-11-07'),
(1591, '	Nueva Ecija	', '	Municipalities of Laur	', 2, '2018-11-07'),
(1592, '	Nueva Ecija	', '	Municipalities of Licab	', 2, '2018-11-07'),
(1593, '	Nueva Ecija	', '	Municipalities of Llanera	', 2, '2018-11-07'),
(1594, '	Nueva Ecija	', '	Municipalities of Lupao	', 2, '2018-11-07'),
(1595, '	Nueva Ecija	', '	Municipalities of Nampicuan	', 2, '2018-11-07'),
(1596, '	Nueva Ecija	', '	Municipalities of Pantabangan	', 2, '2018-11-07'),
(1597, '	Nueva Ecija	', '	Municipalities of Peñaranda	', 2, '2018-11-07'),
(1598, '	Nueva Ecija	', '	Municipalities of Quezon	', 2, '2018-11-07'),
(1599, '	Nueva Ecija	', '	Municipalities of Rizal	', 2, '2018-11-07'),
(1600, '	Nueva Ecija	', '	Municipalities of San Antonio	', 2, '2018-11-07'),
(1601, '	Nueva Ecija	', '	Municipalities of San Isidro	', 2, '2018-11-07'),
(1602, '	Nueva Ecija	', '	Municipalities of San Leonardo	', 2, '2018-11-07'),
(1603, '	Nueva Ecija	', '	Municipalities of Santa Rosa	', 2, '2018-11-07'),
(1604, '	Nueva Ecija	', '	Municipalities of Santo Domingo	', 2, '2018-11-07'),
(1605, '	Nueva Ecija	', '	Municipalities of Talavera	', 2, '2018-11-07'),
(1606, '	Nueva Ecija	', '	Municipalities of Talugtug	', 2, '2018-11-07'),
(1607, '	Nueva Ecija	', '	Municipalities of Zaragoza	', 2, '2018-11-07'),
(1608, '	Nueva Vizcaya	', '	Municipalities of Alfonso Castaneda	', 2, '2018-11-07'),
(1609, '	Nueva Vizcaya	', '	Municipalities of Ambaguio	', 2, '2018-11-07'),
(1610, '	Nueva Vizcaya	', '	Municipalities of Aritao	', 2, '2018-11-07'),
(1611, '	Nueva Vizcaya	', '	Municipalities of Bagabag	', 2, '2018-11-07'),
(1612, '	Nueva Vizcaya	', '	Municipalities of Bambang	', 2, '2018-11-07'),
(1613, '	Nueva Vizcaya	', '	Municipalities of Bayombong	', 2, '2018-11-07'),
(1614, '	Nueva Vizcaya	', '	Municipalities of Diadi	', 2, '2018-11-07'),
(1615, '	Nueva Vizcaya	', '	Municipalities of Dupax Del Norte	', 2, '2018-11-07'),
(1616, '	Nueva Vizcaya	', '	Municipalities of Dupax del Sur	', 2, '2018-11-07'),
(1617, '	Nueva Vizcaya	', '	Municipalities of Kasibu	', 2, '2018-11-07'),
(1618, '	Nueva Vizcaya	', '	Municipalities of Kayapa	', 2, '2018-11-07'),
(1619, '	Nueva Vizcaya	', '	Municipalities of Quezon	', 2, '2018-11-07'),
(1620, '	Nueva Vizcaya	', '	Municipalities of Santa Fe	', 2, '2018-11-07'),
(1621, '	Nueva Vizcaya	', '	Municipalities of Solano	', 2, '2018-11-07'),
(1622, '	Nueva Vizcaya	', '	Municipalities of Villaverde	', 2, '2018-11-07'),
(1623, '	Nueva Vizcaya	', '	Province of Nueva Vizcaya	', 2, '2018-11-07'),
(1624, '	Palawan	', '	Province of Palawan	', 2, '2018-11-07'),
(1625, '	Palawan	', '	Municipalities of Aborlan	', 2, '2018-11-07'),
(1626, '	Palawan	', '	Municipalities of Agutaya	', 2, '2018-11-07'),
(1627, '	Palawan	', '	Municipalities of Araceli	', 2, '2018-11-07'),
(1628, '	Palawan	', '	Municipalities of Balabac	', 2, '2018-11-07'),
(1629, '	Palawan	', '	Municipalities of Bataraza	', 2, '2018-11-07'),
(1630, '	Palawan	', '	Municipalities of Brookes Point	', 2, '2018-11-07'),
(1631, '	Palawan	', '	Municipalities of Busuanga	', 2, '2018-11-07'),
(1632, '	Palawan	', '	Municipalities of Cagayancillo	', 2, '2018-11-07'),
(1633, '	Palawan	', '	Municipalities of Coron	', 2, '2018-11-07'),
(1634, '	Palawan	', '	Municipalities of Culion	', 2, '2018-11-07'),
(1635, '	Palawan	', '	Municipalities of Cuyo	', 2, '2018-11-07'),
(1636, '	Palawan	', '	Municipalities of Dumaran	', 2, '2018-11-07'),
(1637, '	Palawan	', '	Municipalities of El Nido	', 2, '2018-11-07'),
(1638, '	Palawan	', '	Municipalities of Linapacan	', 2, '2018-11-07'),
(1639, '	Palawan	', '	Municipalities of Magsaysay	', 2, '2018-11-07'),
(1640, '	Palawan	', '	Municipalities of Narra	', 2, '2018-11-07'),
(1641, '	Palawan	', '	Municipalities of Quezon	', 2, '2018-11-07'),
(1642, '	Palawan	', '	Municipalities of Rizal	', 2, '2018-11-07'),
(1643, '	Palawan	', '	Municipalities of Roxas	', 2, '2018-11-07'),
(1644, '	Palawan	', '	Municipalities of San Vicente	', 2, '2018-11-07'),
(1645, '	Palawan	', '	Municipalities of Sofronio Española	', 2, '2018-11-07'),
(1646, '	Palawan	', '	Municipalities of Taytay	', 2, '2018-11-07'),
(1647, '	Palawan	', '	Puerto Princesa City	', 2, '2018-11-07'),
(1648, '	Pampanga	', '	Municipalities of Apalit	', 2, '2018-11-07'),
(1649, '	Pampanga	', '	Municipalities of Arayat	', 2, '2018-11-07'),
(1650, '	Pampanga	', '	Municipalities of Bacolor	', 2, '2018-11-07'),
(1651, '	Pampanga	', '	Municipalities of Candaba	', 2, '2018-11-07'),
(1652, '	Pampanga	', '	Municipalities of Floridablanca	', 2, '2018-11-07'),
(1653, '	Pampanga	', '	Municipalities of Guagua	', 2, '2018-11-07'),
(1654, '	Pampanga	', '	Municipalities of Lubao	', 2, '2018-11-07'),
(1655, '	Pampanga	', '	Municipalities of Macabebe	', 2, '2018-11-07'),
(1656, '	Pampanga	', '	Municipalities of Magalang	', 2, '2018-11-07'),
(1657, '	Pampanga	', '	Municipalities of Masantol	', 2, '2018-11-07'),
(1658, '	Pampanga	', '	Municipalities of Mexico	', 2, '2018-11-07'),
(1659, '	Pampanga	', '	Municipalities of Minalin	', 2, '2018-11-07'),
(1660, '	Pampanga	', '	Municipalities of Porac	', 2, '2018-11-07'),
(1661, '	Pampanga	', '	Municipalities of San Luis	', 2, '2018-11-07'),
(1662, '	Pampanga	', '	Municipalities of San Simon	', 2, '2018-11-07'),
(1663, '	Pampanga	', '	Municipalities of Santa Ana	', 2, '2018-11-07'),
(1664, '	Pampanga	', '	Municipalities of Santa Rita	', 2, '2018-11-07'),
(1665, '	Pampanga	', '	Municipalities of Santo Tomas	', 2, '2018-11-07'),
(1666, '	Pampanga	', '	Municipalities of Sasmuan	', 2, '2018-11-07'),
(1667, '	Pampanga	', '	Province of Pampanga	', 2, '2018-11-07'),
(1668, '	Pampanga	', '	Angeles City	', 2, '2018-11-07'),
(1669, '	Pampanga	', '	San Fernando City	', 2, '2018-11-07'),
(1670, '	Pampanga	', '	Mabalacat City	', 2, '2018-11-07'),
(1671, '	Pangasinan	', '	Alaminos City	', 2, '2018-11-07'),
(1672, '	Pangasinan	', '	Dagupan City	', 2, '2018-11-07'),
(1673, '	Pangasinan	', '	San Carlos City	', 2, '2018-11-07'),
(1674, '	Pangasinan	', '	Urdaneta City	', 2, '2018-11-07'),
(1675, '	Pangasinan	', '	Province of Pangasinan	', 2, '2018-11-07'),
(1676, '	Pangasinan	', '	Municipalities of Agno	', 2, '2018-11-07'),
(1677, '	Pangasinan	', '	Municipalities of Aguilar	', 2, '2018-11-07'),
(1678, '	Pangasinan	', '	Municipalities of Alcala	', 2, '2018-11-07'),
(1679, '	Pangasinan	', '	Municipalities of Anda	', 2, '2018-11-07'),
(1680, '	Pangasinan	', '	Municipalities of Asingan	', 2, '2018-11-07'),
(1681, '	Pangasinan	', '	Municipalities of Balungao	', 2, '2018-11-07'),
(1682, '	Pangasinan	', '	Municipalities of Bani	', 2, '2018-11-07'),
(1683, '	Pangasinan	', '	Municipalities of Basista	', 2, '2018-11-07'),
(1684, '	Pangasinan	', '	Municipalities of Bautista	', 2, '2018-11-07'),
(1685, '	Pangasinan	', '	Municipalities of Bayambang	', 2, '2018-11-07'),
(1686, '	Pangasinan	', '	Municipalities of Binalonan	', 2, '2018-11-07'),
(1687, '	Pangasinan	', '	Municipalities of Binmaley	', 2, '2018-11-07'),
(1688, '	Pangasinan	', '	Municipalities of Bolinao	', 2, '2018-11-07'),
(1689, '	Pangasinan	', '	Municipalities of Bugallon	', 2, '2018-11-07'),
(1690, '	Pangasinan	', '	Municipalities of Burgos	', 2, '2018-11-07'),
(1691, '	Pangasinan	', '	Municipalities of Calasiao	', 2, '2018-11-07'),
(1692, '	Pangasinan	', '	Municipalities of Dasol	', 2, '2018-11-07'),
(1693, '	Pangasinan	', '	Municipalities of Infanta	', 2, '2018-11-07'),
(1694, '	Pangasinan	', '	Municipalities of Labrador	', 2, '2018-11-07'),
(1695, '	Pangasinan	', '	Municipalities of Laoac	', 2, '2018-11-07'),
(1696, '	Pangasinan	', '	Municipalities of Lingayen	', 2, '2018-11-07'),
(1697, '	Pangasinan	', '	Municipalities of Mabini	', 2, '2018-11-07'),
(1698, '	Pangasinan	', '	Municipalities of Malasiqui	', 2, '2018-11-07'),
(1699, '	Pangasinan	', '	Municipalities of Manaoag	', 2, '2018-11-07'),
(1700, '	Pangasinan	', '	Municipalities of Mangaldan	', 2, '2018-11-07'),
(1701, '	Pangasinan	', '	Municipalities of Mangatarem	', 2, '2018-11-07'),
(1702, '	Pangasinan	', '	Municipalities of Mapandan	', 2, '2018-11-07'),
(1703, '	Pangasinan	', '	Municipalities of Natividad	', 2, '2018-11-07'),
(1704, '	Pangasinan	', '	Municipalities of Pozzurobio	', 2, '2018-11-07'),
(1705, '	Pangasinan	', '	Municipalities of Rosales	', 2, '2018-11-07'),
(1706, '	Pangasinan	', '	Municipalities of San Fabian	', 2, '2018-11-07'),
(1707, '	Pangasinan	', '	Municipalities of San Jacinto	', 2, '2018-11-07'),
(1708, '	Pangasinan	', '	Municipalities of San Manuel	', 2, '2018-11-07'),
(1709, '	Pangasinan	', '	Municipalities of San Nicolas	', 2, '2018-11-07'),
(1710, '	Pangasinan	', '	Municipalities of San Quintin	', 2, '2018-11-07'),
(1711, '	Pangasinan	', '	Municipalities of Santa Barbara	', 2, '2018-11-07'),
(1712, '	Pangasinan	', '	Municipalities of Santa Maria	', 2, '2018-11-07'),
(1713, '	Pangasinan	', '	Municipalities of Santo tomas	', 2, '2018-11-07'),
(1714, '	Pangasinan	', '	Municipalities of Sison	', 2, '2018-11-07'),
(1715, '	Pangasinan	', '	Municipalities of Sual	', 2, '2018-11-07'),
(1716, '	Pangasinan	', '	Municipalities of Tayug	', 2, '2018-11-07'),
(1717, '	Pangasinan	', '	Municipalities of Umingan	', 2, '2018-11-07'),
(1718, '	Pangasinan	', '	Municipalities of Urbiztondo	', 2, '2018-11-07'),
(1719, '	Pangasinan	', '	Municipalities of Villasis	', 2, '2018-11-07'),
(1720, '	Quezon	', '	Province of Quezon	', 2, '2018-11-07'),
(1721, '	Quezon	', '	Lucena City	', 2, '2018-11-07'),
(1722, '	Quezon	', '	City of Tayabas	', 2, '2018-11-07'),
(1723, '	Quezon	', '	Municipalities of Agdangan	', 2, '2018-11-07'),
(1724, '	Quezon	', '	Municipalities of Alabat	', 2, '2018-11-07'),
(1725, '	Quezon	', '	Municipalities of Atimonan	', 2, '2018-11-07'),
(1726, '	Quezon	', '	Municipalities of Buenavista	', 2, '2018-11-07'),
(1727, '	Quezon	', '	Municipalities of Burdeos	', 2, '2018-11-07'),
(1728, '	Quezon	', '	Municipalities of Calauag	', 2, '2018-11-07'),
(1729, '	Quezon	', '	Municipalities of Candelaria	', 2, '2018-11-07'),
(1730, '	Quezon	', '	Municipalities of Catanauan	', 2, '2018-11-07'),
(1731, '	Quezon	', '	Municipalities of Dolores	', 2, '2018-11-07'),
(1732, '	Quezon	', '	Municipalities of General Luna	', 2, '2018-11-07'),
(1733, '	Quezon	', '	Municipalities of General Nakar	', 2, '2018-11-07'),
(1734, '	Quezon	', '	Municipalities of Guinayangan	', 2, '2018-11-07'),
(1735, '	Quezon	', '	Municipalities of Gumaca	', 2, '2018-11-07'),
(1736, '	Quezon	', '	Municipalities of Infanta	', 2, '2018-11-07'),
(1737, '	Quezon	', '	Municipalities of Jomalig	', 2, '2018-11-07'),
(1738, '	Quezon	', '	Municipalities of Lopez	', 2, '2018-11-07'),
(1739, '	Quezon	', '	Municipalities of Lucban	', 2, '2018-11-07'),
(1740, '	Quezon	', '	Municipalities of Macalelon	', 2, '2018-11-07'),
(1741, '	Quezon	', '	Municipalities of Mauban	', 2, '2018-11-07'),
(1742, '	Quezon	', '	Municipalities of Mulanay	', 2, '2018-11-07'),
(1743, '	Quezon	', '	Municipalities of Padre Burgos	', 2, '2018-11-07'),
(1744, '	Quezon	', '	Municipalities of Pagbilao	', 2, '2018-11-07'),
(1745, '	Quezon	', '	Municipalities of Panukulan	', 2, '2018-11-07'),
(1746, '	Quezon	', '	Municipalities of Patnanungan	', 2, '2018-11-07'),
(1747, '	Quezon	', '	Municipalities of Perez	', 2, '2018-11-07'),
(1748, '	Quezon	', '	Municipalities of Pitogo	', 2, '2018-11-07'),
(1749, '	Quezon	', '	Municipalities of Plaridel	', 2, '2018-11-07'),
(1750, '	Quezon	', '	Municipalities of Polillo	', 2, '2018-11-07'),
(1751, '	Quezon	', '	Municipalities of Quezon	', 2, '2018-11-07'),
(1752, '	Quezon	', '	Municipalities of Real	', 2, '2018-11-07'),
(1753, '	Quezon	', '	Municipalities of Sampaloc	', 2, '2018-11-07'),
(1754, '	Quezon	', '	Municipalities of San Andres	', 2, '2018-11-07'),
(1755, '	Quezon	', '	Municipalities of San Antonio	', 2, '2018-11-07'),
(1756, '	Quezon	', '	Municipalities of San Francisco	', 2, '2018-11-07'),
(1757, '	Quezon	', '	Municipalities of San Narciso	', 2, '2018-11-07'),
(1758, '	Quezon	', '	Municipalities of Sariaya	', 2, '2018-11-07'),
(1759, '	Quezon	', '	Municipalities of Tagkawayan	', 2, '2018-11-07'),
(1760, '	Quezon	', '	Municipalities of Tiaong	', 2, '2018-11-07'),
(1761, '	Quezon	', '	Municipalities of Unisan	', 2, '2018-11-07'),
(1762, '	Quirino	', '	Municipalities of Aglipay	', 2, '2018-11-07'),
(1763, '	Quirino	', '	Municipalities of Cabarroguis	', 2, '2018-11-07'),
(1764, '	Quirino	', '	Municipalities of Diffun	', 2, '2018-11-07'),
(1765, '	Quirino	', '	Municipalities of Maddela	', 2, '2018-11-07'),
(1766, '	Quirino	', '	Municipalities of Nagtipunan	', 2, '2018-11-07'),
(1767, '	Quirino	', '	Municipalities of Saguday	', 2, '2018-11-07'),
(1768, '	Quirino	', '	Province of Quirino	', 2, '2018-11-07'),
(1769, '	Rizal	', '	Province of Rizal	', 2, '2018-11-07'),
(1770, '	Rizal	', '	Antipolo City	', 2, '2018-11-07'),
(1771, '	Rizal	', '	Municipalities of Angono	', 2, '2018-11-07'),
(1772, '	Rizal	', '	Municipalities of Baras	', 2, '2018-11-07'),
(1773, '	Rizal	', '	Municipalities of Binangonan	', 2, '2018-11-07'),
(1774, '	Rizal	', '	Municipalities of Cainta	', 2, '2018-11-07'),
(1775, '	Rizal	', '	Municipalities of Cardona	', 2, '2018-11-07'),
(1776, '	Rizal	', '	Municipalities of Jala-Jala	', 2, '2018-11-07'),
(1777, '	Rizal	', '	Municipalities of Morong	', 2, '2018-11-07'),
(1778, '	Rizal	', '	Municipalities of Pilillia	', 2, '2018-11-07'),
(1779, '	Rizal	', '	Municipalities of Rodriquez (Montalban)	', 2, '2018-11-07'),
(1780, '	Rizal	', '	Municipalities of San Mateo	', 2, '2018-11-07'),
(1781, '	Rizal	', '	Municipalities of Tanay	', 2, '2018-11-07'),
(1782, '	Rizal	', '	Municipalities of Taytay	', 2, '2018-11-07'),
(1783, '	Rizal	', '	Municipalities of Teresa	', 2, '2018-11-07'),
(1784, '	Romblon	', '	Municipalities of Alcantara	', 2, '2018-11-07'),
(1785, '	Romblon	', '	Municipalities of Banton	', 2, '2018-11-07'),
(1786, '	Romblon	', '	Municipalities of Cajidiocan	', 2, '2018-11-07'),
(1787, '	Romblon	', '	Municipalities of Calatrava	', 2, '2018-11-07'),
(1788, '	Romblon	', '	Municipalities of Concepcion	', 2, '2018-11-07'),
(1789, '	Romblon	', '	Municipalities of Corcuera	', 2, '2018-11-07'),
(1790, '	Romblon	', '	Municipalities of Ferrol	', 2, '2018-11-07'),
(1791, '	Romblon	', '	Municipalities of Looc	', 2, '2018-11-07'),
(1792, '	Romblon	', '	Municipalities of Magdiwang	', 2, '2018-11-07'),
(1793, '	Romblon	', '	Municipalities of Odiongan	', 2, '2018-11-07'),
(1794, '	Romblon	', '	Municipalities of Romblon	', 2, '2018-11-07'),
(1795, '	Romblon	', '	Municipalities of San Agustin	', 2, '2018-11-07'),
(1796, '	Romblon	', '	Municipalities of San Andres	', 2, '2018-11-07'),
(1797, '	Romblon	', '	Municipalities of San Fernando	', 2, '2018-11-07'),
(1798, '	Romblon	', '	Municipalities of San Jose	', 2, '2018-11-07'),
(1799, '	Romblon	', '	Municipalities of Santa Fe	', 2, '2018-11-07'),
(1800, '	Romblon	', '	Municipalities of Santa Maria	', 2, '2018-11-07'),
(1801, '	Romblon	', '	Province of Romblon	', 2, '2018-11-07'),
(1802, '	Samar	', '	Province of Samar	', 2, '2018-11-07'),
(1803, '	Samar	', '	Calbayog City	', 2, '2018-11-07'),
(1804, '	Samar	', '	Catbalogan City	', 2, '2018-11-07'),
(1805, '	Samar	', '	Municipalities of Almagro	', 2, '2018-11-07'),
(1806, '	Samar	', '	Municipalities of Basey	', 2, '2018-11-07'),
(1807, '	Samar	', '	Municipalities of Calbiga	', 2, '2018-11-07'),
(1808, '	Samar	', '	Municipalities of Daram	', 2, '2018-11-07'),
(1809, '	Samar	', '	Municipalities of Gandara	', 2, '2018-11-07'),
(1810, '	Samar	', '	Municipalities of Hinabangan	', 2, '2018-11-07'),
(1811, '	Samar	', '	Municipalities of Jiabong	', 2, '2018-11-07'),
(1812, '	Samar	', '	Municipalities of Marabut	', 2, '2018-11-07'),
(1813, '	Samar	', '	Municipalities of Matuguinao	', 2, '2018-11-07'),
(1814, '	Samar	', '	Municipalities of Motiong	', 2, '2018-11-07'),
(1815, '	Samar	', '	Municipalities of Pagsanghan	', 2, '2018-11-07'),
(1816, '	Samar	', '	Municipalities of Paranas (Wright)	', 2, '2018-11-07'),
(1817, '	Samar	', '	Municipalities of Pinabacdao	', 2, '2018-11-07'),
(1818, '	Samar	', '	Municipalities of San Jorge	', 2, '2018-11-07'),
(1819, '	Samar	', '	Municipalities of San Jose de Buan	', 2, '2018-11-07'),
(1820, '	Samar	', '	Municipalities of San Sebastian	', 2, '2018-11-07'),
(1821, '	Samar	', '	Municipalities of Santa Margarita	', 2, '2018-11-07'),
(1822, '	Samar	', '	Municipalities of Santa Rita	', 2, '2018-11-07'),
(1823, '	Samar	', '	Municipalities of Santo Niño	', 2, '2018-11-07'),
(1824, '	Samar	', '	Municipalities of Tagapul-an	', 2, '2018-11-07'),
(1825, '	Samar	', '	Municipalities of Talalora	', 2, '2018-11-07'),
(1826, '	Samar	', '	Municipalities of Tarangnan	', 2, '2018-11-07'),
(1827, '	Samar	', '	Municipalities of Villareal	', 2, '2018-11-07'),
(1828, '	Samar	', '	Municipalities of Zumarraga	', 2, '2018-11-07'),
(1829, '	Sarangani	', '	Province of Sarangani	', 2, '2018-11-07'),
(1830, '	Sarangani	', '	Municipalities of Alabel	', 2, '2018-11-07'),
(1831, '	Sarangani	', '	Municipalities of Glan	', 2, '2018-11-07'),
(1832, '	Sarangani	', '	Municipalities of Kiamba	', 2, '2018-11-07'),
(1833, '	Sarangani	', '	Municipalities of Maasim	', 2, '2018-11-07'),
(1834, '	Sarangani	', '	Municipalities of Maitum	', 2, '2018-11-07'),
(1835, '	Sarangani	', '	Municipalities of Malapatan	', 2, '2018-11-07'),
(1836, '	Sarangani	', '	Municipalities of Malungon	', 2, '2018-11-07'),
(1837, '	Siquijor	', '	Province of Siquijor	', 2, '2018-11-07'),
(1838, '	Siquijor	', '	Municipalities of Enrique Villanueva	', 2, '2018-11-07'),
(1839, '	Siquijor	', '	Municipalities of Larena	', 2, '2018-11-07'),
(1840, '	Siquijor	', '	Municipalities of Lazi	', 2, '2018-11-07'),
(1841, '	Siquijor	', '	Municipalities of Maria	', 2, '2018-11-07'),
(1842, '	Siquijor	', '	Municipalities of San Juan	', 2, '2018-11-07'),
(1843, '	Siquijor	', '	Municipalities of Siquijor	', 2, '2018-11-07'),
(1844, '	Sorsogon	', '	Sorsogon City	', 2, '2018-11-07'),
(1845, '	Sorsogon	', '	Municipalities of Barcelona	', 2, '2018-11-07'),
(1846, '	Sorsogon	', '	Municipalities of Bulan	', 2, '2018-11-07'),
(1847, '	Sorsogon	', '	Municipalities of Bulusan	', 2, '2018-11-07'),
(1848, '	Sorsogon	', '	Municipalities of Casiguran	', 2, '2018-11-07'),
(1849, '	Sorsogon	', '	Municipalities of Castilla	', 2, '2018-11-07'),
(1850, '	Sorsogon	', '	Municipalities of Donsol	', 2, '2018-11-07'),
(1851, '	Sorsogon	', '	Municipalities of Gubat	', 2, '2018-11-07'),
(1852, '	Sorsogon	', '	Municipalities of Irosin	', 2, '2018-11-07'),
(1853, '	Sorsogon	', '	Municipalities of Juban	', 2, '2018-11-07'),
(1854, '	Sorsogon	', '	Municipalities of Magallanes	', 2, '2018-11-07'),
(1855, '	Sorsogon	', '	Municipalities of Matnog	', 2, '2018-11-07'),
(1856, '	Sorsogon	', '	Municipalities of Pilar	', 2, '2018-11-07'),
(1857, '	Sorsogon	', '	Municipalities of Prieto Diaz	', 2, '2018-11-07'),
(1858, '	Sorsogon	', '	Municipalities of Santa Magdalena	', 2, '2018-11-07'),
(1859, '	Sorsogon	', '	Province of Sorsogon	', 2, '2018-11-07'),
(1860, '	South Cotabato	', '	Province of South Cotabato	', 2, '2018-11-07'),
(1861, '	South Cotabato	', '	Municipalities of Banga	', 2, '2018-11-07'),
(1862, '	South Cotabato	', '	Municipalities of Lake Sebu	', 2, '2018-11-07'),
(1863, '	South Cotabato	', '	Municipalities of Norala	', 2, '2018-11-07'),
(1864, '	South Cotabato	', '	Municipalities of Polomolok	', 2, '2018-11-07'),
(1865, '	South Cotabato	', '	Municipalities of Sto. Niño	', 2, '2018-11-07'),
(1866, '	South Cotabato	', '	Municipalities of Surallah	', 2, '2018-11-07'),
(1867, '	South Cotabato	', '	Municipalities of Tampakan	', 2, '2018-11-07'),
(1868, '	South Cotabato	', '	Municipalities of Tantangan	', 2, '2018-11-07'),
(1869, '	South Cotabato	', '	Municipalities of T Boli	', 2, '2018-11-07'),
(1870, '	South Cotabato	', '	Municipalities of Tupi	', 2, '2018-11-07'),
(1871, '	South Cotabato	', '	General Santos City	', 2, '2018-11-07'),
(1872, '	South Cotabato	', '	Koronadal City	', 2, '2018-11-07'),
(1873, '	Southern Leyte	', '	Province of Southern Leyte	', 2, '2018-11-07'),
(1874, '	Southern Leyte	', '	Municipalities of Anahawan	', 2, '2018-11-07'),
(1875, '	Southern Leyte	', '	Municipalities of Bontoc	', 2, '2018-11-07'),
(1876, '	Southern Leyte	', '	Municipalities of Hinunangan	', 2, '2018-11-07'),
(1877, '	Southern Leyte	', '	Municipalities of Hinundayan	', 2, '2018-11-07'),
(1878, '	Southern Leyte	', '	Municipalities of Libagon	', 2, '2018-11-07'),
(1879, '	Southern Leyte	', '	Municipalities of Liloan	', 2, '2018-11-07'),
(1880, '	Southern Leyte	', '	Municipalities of Limasawa	', 2, '2018-11-07'),
(1881, '	Southern Leyte	', '	Municipalities of Macrohon	', 2, '2018-11-07'),
(1882, '	Southern Leyte	', '	Municipalities of Malitbog	', 2, '2018-11-07'),
(1883, '	Southern Leyte	', '	Municipalities of Padre Burgos	', 2, '2018-11-07'),
(1884, '	Southern Leyte	', '	Municipalities of Pintuyan	', 2, '2018-11-07'),
(1885, '	Southern Leyte	', '	Municipalities of Saint Bernard	', 2, '2018-11-07'),
(1886, '	Southern Leyte	', '	Municipalities of San Francisco	', 2, '2018-11-07'),
(1887, '	Southern Leyte	', '	Municipalities of San Juan	', 2, '2018-11-07'),
(1888, '	Southern Leyte	', '	Municipalities of San Ricardo	', 2, '2018-11-07'),
(1889, '	Southern Leyte	', '	Municipalities of Silago	', 2, '2018-11-07'),
(1890, '	Southern Leyte	', '	Municipalities of Sogod	', 2, '2018-11-07'),
(1891, '	Southern Leyte	', '	Municipalities of Tomas Oppus	', 2, '2018-11-07'),
(1892, '	Southern Leyte	', '	Maasin City	', 2, '2018-11-07'),
(1893, '	Sultan Kudarat	', '	Province of Sultan Kudarat	', 2, '2018-11-07'),
(1894, '	Sultan Kudarat	', '	Tacurong City	', 2, '2018-11-07'),
(1895, '	Sultan Kudarat	', '	Municipalities of Bagumbayan	', 2, '2018-11-07'),
(1896, '	Sultan Kudarat	', '	Municipalities of Columbio	', 2, '2018-11-07'),
(1897, '	Sultan Kudarat	', '	Municipalities of Esperanza	', 2, '2018-11-07'),
(1898, '	Sultan Kudarat	', '	Municipalities of Isulan	', 2, '2018-11-07'),
(1899, '	Sultan Kudarat	', '	Municipalities of Kalamansig	', 2, '2018-11-07'),
(1900, '	Sultan Kudarat	', '	Municipalities of Lambayong (Mariano Marcos)	', 2, '2018-11-07'),
(1901, '	Sultan Kudarat	', '	Municipalities of Lebak	', 2, '2018-11-07'),
(1902, '	Sultan Kudarat	', '	Municipalities of Lutayan	', 2, '2018-11-07'),
(1903, '	Sultan Kudarat	', '	Municipalities of Palimbang	', 2, '2018-11-07'),
(1904, '	Sultan Kudarat	', '	Municipalities of President Quirino	', 2, '2018-11-07'),
(1905, '	Sultan Kudarat	', '	Municipalities of Sen. Ninoy Aquino	', 2, '2018-11-07'),
(1906, '	Sulu	', '	Municipalities of Banguingui (Tongkil)	', 2, '2018-11-07'),
(1907, '	Sulu	', '	Municipalities of Hadji Panglima Tahil (Marunggas)	', 2, '2018-11-07'),
(1908, '	Sulu	', '	Municipalities of Indanan	', 2, '2018-11-07'),
(1909, '	Sulu	', '	Municipalities of Jolo	', 2, '2018-11-07'),
(1910, '	Sulu	', '	Municipalities of Kalingalan Caluang	', 2, '2018-11-07'),
(1911, '	Sulu	', '	Municipalities of Lugus	', 2, '2018-11-07'),
(1912, '	Sulu	', '	Municipalities of Luuk	', 2, '2018-11-07'),
(1913, '	Sulu	', '	Municipalities of Maimbung	', 2, '2018-11-07'),
(1914, '	Sulu	', '	Municipalities of Old Panamao	', 2, '2018-11-07'),
(1915, '	Sulu	', '	Municipalities of Omar	', 2, '2018-11-07'),
(1916, '	Sulu	', '	Municipalities of Pandami	', 2, '2018-11-07'),
(1917, '	Sulu	', '	Municipalities of Panglima Estino (New Panamao)	', 2, '2018-11-07'),
(1918, '	Sulu	', '	Municipalities of Pangutaran	', 2, '2018-11-07'),
(1919, '	Sulu	', '	Municipalities of Parang	', 2, '2018-11-07'),
(1920, '	Sulu	', '	Municipalities of Pata	', 2, '2018-11-07'),
(1921, '	Sulu	', '	Municipalities of Patikul	', 2, '2018-11-07'),
(1922, '	Sulu	', '	Municipalities of Siasi	', 2, '2018-11-07'),
(1923, '	Sulu	', '	Municipalities of Talipao	', 2, '2018-11-07'),
(1924, '	Sulu	', '	Municipalities of Tapul	', 2, '2018-11-07'),
(1925, '	Sulu	', '	Province of Sulu	', 2, '2018-11-07'),
(1926, '	Surigao del Norte	', '	Province of Surigao del Norte	', 2, '2018-11-07'),
(1927, '	Surigao del Norte	', '	Municipalities of Alegria	', 2, '2018-11-07'),
(1928, '	Surigao del Norte	', '	Municipalities of Bacuag	', 2, '2018-11-07'),
(1929, '	Surigao del Norte	', '	Municipalities of Burgos	', 2, '2018-11-07'),
(1930, '	Surigao del Norte	', '	Municipalities of Claver	', 2, '2018-11-07'),
(1931, '	Surigao del Norte	', '	Municipalities of Dapa	', 2, '2018-11-07'),
(1932, '	Surigao del Norte	', '	Municipalities of Del Carmen	', 2, '2018-11-07'),
(1933, '	Surigao del Norte	', '	Municipalities of General Luna	', 2, '2018-11-07'),
(1934, '	Surigao del Norte	', '	Municipalities of Gigaquit	', 2, '2018-11-07'),
(1935, '	Surigao del Norte	', '	Municipalities of Mainit	', 2, '2018-11-07'),
(1936, '	Surigao del Norte	', '	Municipalities of Malimono	', 2, '2018-11-07'),
(1937, '	Surigao del Norte	', '	Municipalities of Pilar	', 2, '2018-11-07'),
(1938, '	Surigao del Norte	', '	Municipalities of Placer	', 2, '2018-11-07'),
(1939, '	Surigao del Norte	', '	Municipalities of San Benito	', 2, '2018-11-07'),
(1940, '	Surigao del Norte	', '	Municipalities of San Francisco (Anao-Aon)	', 2, '2018-11-07'),
(1941, '	Surigao del Norte	', '	Municipalities of San Isidro	', 2, '2018-11-07'),
(1942, '	Surigao del Norte	', '	Municipalities of Santa Monica (Sapao)	', 2, '2018-11-07'),
(1943, '	Surigao del Norte	', '	Municipalities of Sison	', 2, '2018-11-07'),
(1944, '	Surigao del Norte	', '	Municipalities of Socorro	', 2, '2018-11-07'),
(1945, '	Surigao del Norte	', '	Municipalities of Tagana-an	', 2, '2018-11-07'),
(1946, '	Surigao del Norte	', '	Municipalities of Tubod	', 2, '2018-11-07'),
(1947, '	Surigao del Norte	', '	Surigao City	', 2, '2018-11-07'),
(1948, '	Surigao del Sur	', '	Bislig City	', 2, '2018-11-07'),
(1949, '	Surigao del Sur	', '	Tandag City	', 2, '2018-11-07'),
(1950, '	Surigao del Sur	', '	Municipalities of Barobo	', 2, '2018-11-07'),
(1951, '	Surigao del Sur	', '	Municipalities of Bayabas	', 2, '2018-11-07'),
(1952, '	Surigao del Sur	', '	Municipalities of Cagwait	', 2, '2018-11-07'),
(1953, '	Surigao del Sur	', '	Municipalities of Cantilan	', 2, '2018-11-07'),
(1954, '	Surigao del Sur	', '	Municipalities of Carmen	', 2, '2018-11-07'),
(1955, '	Surigao del Sur	', '	Municipalities of Carrascal	', 2, '2018-11-07'),
(1956, '	Surigao del Sur	', '	Municipalities of Cortes	', 2, '2018-11-07'),
(1957, '	Surigao del Sur	', '	Municipalities of Hinatuan	', 2, '2018-11-07'),
(1958, '	Surigao del Sur	', '	Municipalities of Lanuza	', 2, '2018-11-07'),
(1959, '	Surigao del Sur	', '	Municipalities of Lianga	', 2, '2018-11-07'),
(1960, '	Surigao del Sur	', '	Municipalities of Lingig	', 2, '2018-11-07'),
(1961, '	Surigao del Sur	', '	Municipalities of Madrid	', 2, '2018-11-07'),
(1962, '	Surigao del Sur	', '	Municipalities of Marihatag	', 2, '2018-11-07'),
(1963, '	Surigao del Sur	', '	Municipalities of San Agustin	', 2, '2018-11-07'),
(1964, '	Surigao del Sur	', '	Municipalities of San Miguel	', 2, '2018-11-07'),
(1965, '	Surigao del Sur	', '	Municipalities of Tagbina	', 2, '2018-11-07'),
(1966, '	Surigao del Sur	', '	Municipalities of Tago	', 2, '2018-11-07'),
(1967, '	Surigao del Sur	', '	Province of Surigao del Sur	', 2, '2018-11-07'),
(1968, '	Tarlac	', '	Province of Tarlac	', 2, '2018-11-07'),
(1969, '	Tarlac	', '	Tarlac City	', 2, '2018-11-07'),
(1970, '	Tarlac	', '	Municipalities of Anao	', 2, '2018-11-07'),
(1971, '	Tarlac	', '	Municipalities of Bamban	', 2, '2018-11-07'),
(1972, '	Tarlac	', '	Municipalities of Camiling	', 2, '2018-11-07'),
(1973, '	Tarlac	', '	Municipalities of Capas	', 2, '2018-11-07'),
(1974, '	Tarlac	', '	Municipalities of Concepcion	', 2, '2018-11-07'),
(1975, '	Tarlac	', '	Municipalities of Gerona	', 2, '2018-11-07'),
(1976, '	Tarlac	', '	Municipalities of La Paz	', 2, '2018-11-07'),
(1977, '	Tarlac	', '	Municipalities of Mayantoc	', 2, '2018-11-07'),
(1978, '	Tarlac	', '	Municipalities of Moncada	', 2, '2018-11-07'),
(1979, '	Tarlac	', '	Municipalities of Paniqui	', 2, '2018-11-07'),
(1980, '	Tarlac	', '	Municipalities of Pura	', 2, '2018-11-07'),
(1981, '	Tarlac	', '	Municipalities of Ramos	', 2, '2018-11-07'),
(1982, '	Tarlac	', '	Municipalities of San Clemente	', 2, '2018-11-07'),
(1983, '	Tarlac	', '	Municipalities of San Jose	', 2, '2018-11-07'),
(1984, '	Tarlac	', '	Municipalities of San Manuel	', 2, '2018-11-07'),
(1985, '	Tarlac	', '	Municipalities of Santa Ignacia	', 2, '2018-11-07'),
(1986, '	Tarlac	', '	Municipalities of Victoria	', 2, '2018-11-07'),
(1987, '	Tawi-Tawi	', '	Province of Tawi-Tawi	', 2, '2018-11-07'),
(1988, '	Tawi-Tawi	', '	Municipalities of Bongao	', 2, '2018-11-07'),
(1989, '	Tawi-Tawi	', '	Municipalities of Languyan	', 2, '2018-11-07'),
(1990, '	Tawi-Tawi	', '	Municipalities of Mapun	', 2, '2018-11-07'),
(1991, '	Tawi-Tawi	', '	Municipalities of Panglima Sugala	', 2, '2018-11-07'),
(1992, '	Tawi-Tawi	', '	Municipalities of Sapa-Sapa	', 2, '2018-11-07'),
(1993, '	Tawi-Tawi	', '	Municipalities of Sibutu	', 2, '2018-11-07'),
(1994, '	Tawi-Tawi	', '	Municipalities of Simunul	', 2, '2018-11-07'),
(1995, '	Tawi-Tawi	', '	Municipalities of Sitangkai	', 2, '2018-11-07'),
(1996, '	Tawi-Tawi	', '	Municipalities of South Ubian	', 2, '2018-11-07'),
(1997, '	Tawi-Tawi	', '	Municipalities of Tandubas	', 2, '2018-11-07'),
(1998, '	Tawi-Tawi	', '	Municipalities of Turtles Islands	', 2, '2018-11-07'),
(1999, '	Zambales	', '	Province of Zambales	', 2, '2018-11-07'),
(2000, '	Zambales	', '	Olongapo City	', 2, '2018-11-07'),
(2001, '	Zambales	', '	Municipalities of Botolan	', 2, '2018-11-07'),
(2002, '	Zambales	', '	Municipalities of Cabangan	', 2, '2018-11-07'),
(2003, '	Zambales	', '	Municipalities of Candelaria	', 2, '2018-11-07'),
(2004, '	Zambales	', '	Municipalities of Castillejos	', 2, '2018-11-07'),
(2005, '	Zambales	', '	Municipalities of Iba	', 2, '2018-11-07'),
(2006, '	Zambales	', '	Municipalities of Masinloc	', 2, '2018-11-07');
INSERT INTO `tbl_agency` (`agency_id`, `head_agency_name`, `agency_name`, `agency_type`, `agency_dateadd`) VALUES
(2007, '	Zambales	', '	Municipalities of Palauig	', 2, '2018-11-07'),
(2008, '	Zambales	', '	Municipalities of San Antonio	', 2, '2018-11-07'),
(2009, '	Zambales	', '	Municipalities of San Felipe	', 2, '2018-11-07'),
(2010, '	Zambales	', '	Municipalities of San Marcelino	', 2, '2018-11-07'),
(2011, '	Zambales	', '	Municipalities of San Narciso	', 2, '2018-11-07'),
(2012, '	Zambales	', '	Municipalities of Santa Cruz	', 2, '2018-11-07'),
(2013, '	Zambales	', '	Municipalities of Subic	', 2, '2018-11-07'),
(2014, '	Zamboanga del Norte	', '	Province of Zamboanga del Norte	', 2, '2018-11-07'),
(2015, '	Zamboanga del Norte	', '	Dapitan City	', 2, '2018-11-07'),
(2016, '	Zamboanga del Norte	', '	Dipolog City	', 2, '2018-11-07'),
(2017, '	Zamboanga del Norte	', '	Municipalities of Leon B. Postigo (Bacungan)	', 2, '2018-11-07'),
(2018, '	Zamboanga del Norte	', '	Municipalities of Baliguian	', 2, '2018-11-07'),
(2019, '	Zamboanga del Norte	', '	Municipalities of Godod	', 2, '2018-11-07'),
(2020, '	Zamboanga del Norte	', '	Municipalities of Gutalac	', 2, '2018-11-07'),
(2021, '	Zamboanga del Norte	', '	Municipalities of Jose Dalman (Ponot)	', 2, '2018-11-07'),
(2022, '	Zamboanga del Norte	', '	Municipalities of Kalawit	', 2, '2018-11-07'),
(2023, '	Zamboanga del Norte	', '	Municipalities of Katipunan	', 2, '2018-11-07'),
(2024, '	Zamboanga del Norte	', '	Municipalities of La Libertad	', 2, '2018-11-07'),
(2025, '	Zamboanga del Norte	', '	Municipalities of Labason	', 2, '2018-11-07'),
(2026, '	Zamboanga del Norte	', '	Municipalities of Liloy	', 2, '2018-11-07'),
(2027, '	Zamboanga del Norte	', '	Municipalities of Manukan	', 2, '2018-11-07'),
(2028, '	Zamboanga del Norte	', '	Municipalities of Mutia	', 2, '2018-11-07'),
(2029, '	Zamboanga del Norte	', '	Municipalities of Piñan	', 2, '2018-11-07'),
(2030, '	Zamboanga del Norte	', '	Municipalities of Polanco	', 2, '2018-11-07'),
(2031, '	Zamboanga del Norte	', '	Municipalities of Pres. Manuel A. Roxas	', 2, '2018-11-07'),
(2032, '	Zamboanga del Norte	', '	Municipalities of Rizal	', 2, '2018-11-07'),
(2033, '	Zamboanga del Norte	', '	Municipalities of Salug	', 2, '2018-11-07'),
(2034, '	Zamboanga del Norte	', '	Municipalities of Sergio Osmeña Sr.	', 2, '2018-11-07'),
(2035, '	Zamboanga del Norte	', '	Municipalities of Siayan	', 2, '2018-11-07'),
(2036, '	Zamboanga del Norte	', '	Municipalities of Sibuco	', 2, '2018-11-07'),
(2037, '	Zamboanga del Norte	', '	Municipalities of Sibutad	', 2, '2018-11-07'),
(2038, '	Zamboanga del Norte	', '	Municipalities of Sindangan	', 2, '2018-11-07'),
(2039, '	Zamboanga del Norte	', '	Municipalities of Siocon	', 2, '2018-11-07'),
(2040, '	Zamboanga del Norte	', '	Municipalities of Sirawai	', 2, '2018-11-07'),
(2041, '	Zamboanga del Norte	', '	Municipalities of Tampilisan	', 2, '2018-11-07'),
(2042, '	Zamboanga del Sur	', '	Municipalities of Aurora	', 2, '2018-11-07'),
(2043, '	Zamboanga del Sur	', '	Municipalities of Bayog	', 2, '2018-11-07'),
(2044, '	Zamboanga del Sur	', '	Municipalities of Dimataling	', 2, '2018-11-07'),
(2045, '	Zamboanga del Sur	', '	Municipalities of Dinas	', 2, '2018-11-07'),
(2046, '	Zamboanga del Sur	', '	Municipalities of Dumalinao	', 2, '2018-11-07'),
(2047, '	Zamboanga del Sur	', '	Municipalities of Dumingag	', 2, '2018-11-07'),
(2048, '	Zamboanga del Sur	', '	Municipalities of Guipos	', 2, '2018-11-07'),
(2049, '	Zamboanga del Sur	', '	Municipalities of Josefina	', 2, '2018-11-07'),
(2050, '	Zamboanga del Sur	', '	Municipalities of Kumalarang	', 2, '2018-11-07'),
(2051, '	Zamboanga del Sur	', '	Municipalities of Labangan	', 2, '2018-11-07'),
(2052, '	Zamboanga del Sur	', '	Municipalities of Lakewood	', 2, '2018-11-07'),
(2053, '	Zamboanga del Sur	', '	Municipalities of Lapuyan	', 2, '2018-11-07'),
(2054, '	Zamboanga del Sur	', '	Municipalities of Mahayag	', 2, '2018-11-07'),
(2055, '	Zamboanga del Sur	', '	Municipalities of Margosatubig	', 2, '2018-11-07'),
(2056, '	Zamboanga del Sur	', '	Municipalities of Midsalip	', 2, '2018-11-07'),
(2057, '	Zamboanga del Sur	', '	Municipalities of Molave	', 2, '2018-11-07'),
(2058, '	Zamboanga del Sur	', '	Municipalities of Pitogo	', 2, '2018-11-07'),
(2059, '	Zamboanga del Sur	', '	Municipalities of Ramon Magsaysay (Liargo)	', 2, '2018-11-07'),
(2060, '	Zamboanga del Sur	', '	Municipalities of San Miguel	', 2, '2018-11-07'),
(2061, '	Zamboanga del Sur	', '	Municipalities of San Pablo	', 2, '2018-11-07'),
(2062, '	Zamboanga del Sur	', '	Municipalities of Sominot (DonMarianoMarcos)	', 2, '2018-11-07'),
(2063, '	Zamboanga del Sur	', '	Municipalities of Tabina	', 2, '2018-11-07'),
(2064, '	Zamboanga del Sur	', '	Municipalities of Tambulig	', 2, '2018-11-07'),
(2065, '	Zamboanga del Sur	', '	Municipalities of Tigbao	', 2, '2018-11-07'),
(2066, '	Zamboanga del Sur	', '	Municipalities of Tukuran	', 2, '2018-11-07'),
(2067, '	Zamboanga del Sur	', '	Municipalities of Vincenzo A. Sagun	', 2, '2018-11-07'),
(2068, '	Zamboanga del Sur	', '	Pagadian City	', 2, '2018-11-07'),
(2069, '	Zamboanga del Sur	', '	Zamboanga City	', 2, '2018-11-07'),
(2070, '	Zamboanga del Sur	', '	Province of Zamboanga del Sur	', 2, '2018-11-07'),
(2071, '	Zamboanga Sibugay	', '	Province of Zamboanga Sibugay	', 2, '2018-11-07'),
(2072, '	Zamboanga Sibugay	', '	Municipalities of Alicia	', 2, '2018-11-07'),
(2073, '	Zamboanga Sibugay	', '	Municipalities of Buug	', 2, '2018-11-07'),
(2074, '	Zamboanga Sibugay	', '	Municipalities of Diplahan	', 2, '2018-11-07'),
(2075, '	Zamboanga Sibugay	', '	Municipalities of Imelda	', 2, '2018-11-07'),
(2076, '	Zamboanga Sibugay	', '	Municipalities of Ipil	', 2, '2018-11-07'),
(2077, '	Zamboanga Sibugay	', '	Municipalities of Kabasalan	', 2, '2018-11-07'),
(2078, '	Zamboanga Sibugay	', '	Municipalities of Mabuhay	', 2, '2018-11-07'),
(2079, '	Zamboanga Sibugay	', '	Municipalities of Malangas	', 2, '2018-11-07'),
(2080, '	Zamboanga Sibugay	', '	Municipalities of Naga	', 2, '2018-11-07'),
(2081, '	Zamboanga Sibugay	', '	Municipalities of Olutanga	', 2, '2018-11-07'),
(2082, '	Zamboanga Sibugay	', '	Municipalities of Payao	', 2, '2018-11-07'),
(2083, '	Zamboanga Sibugay	', '	Municipalities of Roseller T. Lim	', 2, '2018-11-07'),
(2084, '	Zamboanga Sibugay	', '	Municipalities of Siay	', 2, '2018-11-07'),
(2085, '	Zamboanga Sibugay	', '	Municipalities of Talusan	', 2, '2018-11-07'),
(2086, '	Zamboanga Sibugay	', '	Municipalities of Titay	', 2, '2018-11-07'),
(2087, '	Zamboanga Sibugay	', '	Municipalities of Tungawan	', 2, '2018-11-07'),
(2088, '	GOCC	', '	AFP Retirement and Separation Benefits System (AFP-RSBS)	', 3, '2018-11-07'),
(2089, '	GOCC	', '	Alabang Sto. Tomas Development Incorporated (ASDI)	', 3, '2018-11-07'),
(2090, '	GOCC	', '	Aurora Special Economic Zone Authority (ASEZA)	', 3, '2018-11-07'),
(2091, '	GOCC	', '	Bases Conversion Development Authority (BCDA)	', 3, '2018-11-07'),
(2092, '	GOCC	', '	Cagayan Economic Zone Authority (CEZA)	', 3, '2018-11-07'),
(2093, '	GOCC	', '	Cebu Port Authority (CPA)	', 3, '2018-11-07'),
(2094, '	GOCC	', '	Center for International Trade Expositions and Missions (CITEM)	', 3, '2018-11-07'),
(2095, '	GOCC	', '	Civil Aviation Authority of the Philippines (CAAP)	', 3, '2018-11-07'),
(2096, '	GOCC	', '	Clark Development Corporation (CDC)	', 3, '2018-11-07'),
(2097, '	GOCC	', '	Clark International Airport Authority (CIAC)	', 3, '2018-11-07'),
(2098, '	GOCC	', '	Cotton Development Administration (CODA)	', 3, '2018-11-07'),
(2099, '	GOCC	', '	Cultural Center of the Philippines (CCP)	', 3, '2018-11-07'),
(2100, '	GOCC	', '	DBP Data Center Incorporated (DCI)	', 3, '2018-11-07'),
(2101, '	GOCC	', '	DBP Maritime Leasing Corporation	', 3, '2018-11-07'),
(2102, '	GOCC	', '	Development Academy of the Philippines (DAP)	', 3, '2018-11-07'),
(2103, '	GOCC	', '	Duty Free Philippines (DFP)	', 3, '2018-11-07'),
(2104, '	GOCC	', '	First Centennial Clark Corporation/Expo Filipino Corporation	', 3, '2018-11-07'),
(2105, '	GOCC	', '	Food Terminal Incorporated (FTI)	', 3, '2018-11-07'),
(2106, '	GOCC	', '	Government Service Insurance System (GSIS)	', 3, '2018-11-07'),
(2107, '	GOCC	', '	GSIS Family Bank	', 3, '2018-11-07'),
(2108, '	GOCC	', '	Home Development Mutual Fund (Pag-ibig Fund)	', 3, '2018-11-07'),
(2109, '	GOCC	', '	Home Guaranty Corporation (HGC)	', 3, '2018-11-07'),
(2110, '	GOCC	', '	Intercontinental Broadcasting Corporation (IBC)	', 3, '2018-11-07'),
(2111, '	GOCC	', '	John Hay Management Corporation (JHMC)	', 3, '2018-11-07'),
(2112, '	GOCC	', '	John Hay Special   Economic Zone	', 3, '2018-11-07'),
(2113, '	GOCC	', '	Laguna Lake Development Authority (LLDA)	', 3, '2018-11-07'),
(2114, '	GOCC	', '	Land Bank of the Philippines (LBP)	', 3, '2018-11-07'),
(2115, '	GOCC	', '	LBP Leasing Corporation	', 3, '2018-11-07'),
(2116, '	GOCC	', '	Light Rail Transit Administration (LRTA)	', 3, '2018-11-07'),
(2117, '	GOCC	', '	Local Water Utilities Administration (LWUA)	', 3, '2018-11-07'),
(2118, '	GOCC	', '	Lung Center of the Philippines (LCP)	', 3, '2018-11-07'),
(2119, '	GOCC	', '	Mactan Cebu International Airport Authority (MCIAA)	', 3, '2018-11-07'),
(2120, '	GOCC	', '	Manila Gas Corporation	', 3, '2018-11-07'),
(2121, '	GOCC	', '	Manila International Airport Authority (MIAA)	', 3, '2018-11-07'),
(2122, '	GOCC	', '	Metropolitan Waterworks and Sewerage System (MWSS)	', 3, '2018-11-07'),
(2123, '	GOCC	', '	National Agribusiness Corporation (NABCOR)	', 3, '2018-11-07'),
(2124, '	GOCC	', '	National Broadcasting Network (NBN)	', 3, '2018-11-07'),
(2125, '	GOCC	', '	National Dairy Authority (NDA)	', 3, '2018-11-07'),
(2126, '	GOCC	', '	National Development Company (NDC)	', 3, '2018-11-07'),
(2127, '	GOCC	', '	National Electrification Administration (NEA)	', 3, '2018-11-07'),
(2128, '	GOCC	', '	National Food Authority (NFA)	', 3, '2018-11-07'),
(2129, '	GOCC	', '	National Housing Authority (NHA)	', 3, '2018-11-07'),
(2130, '	GOCC	', '	National Irrigation Administration (NIA)	', 3, '2018-11-07'),
(2131, '	GOCC	', '	National Kidney Transplant Institute (NKTI)	', 3, '2018-11-07'),
(2132, '	GOCC	', '	National Livelihood Development Corporation (NLDC)	', 3, '2018-11-07'),
(2133, '	GOCC	', '	National Tobacco Administration (NTA)	', 3, '2018-11-07'),
(2134, '	GOCC	', '	National Transmission Corporation (Transco)	', 3, '2018-11-07'),
(2135, '	GOCC	', '	Natural Resources Development Corporation (NRDC)	', 3, '2018-11-07'),
(2136, '	GOCC	', '	Nayong Pilipino Foundation Incorporated	', 3, '2018-11-07'),
(2137, '	GOCC	', '	NIA-Consult	', 3, '2018-11-07'),
(2138, '	GOCC	', '	North Luzon Railways Corporation (Northrail)	', 3, '2018-11-07'),
(2139, '	GOCC	', '	Partido Development Authority (PDA)	', 3, '2018-11-07'),
(2140, '	GOCC	', '	PEA Tollway Corporation	', 3, '2018-11-07'),
(2141, '	GOCC	', '	People’s Credit & Finance Corporation	', 3, '2018-11-07'),
(2142, '	GOCC	', '	Philippine Postal Savings Bank	', 3, '2018-11-07'),
(2143, '	GOCC	', '	Philippine Aerospace Development Corporation (PADC)	', 3, '2018-11-07'),
(2144, '	GOCC	', '	Philippine Amusement and Gaming Corporation (PAGCOR)	', 3, '2018-11-07'),
(2145, '	GOCC	', '	Philippine Carabao Center (PCC)	', 3, '2018-11-07'),
(2146, '	GOCC	', '	Philippine Charity Sweepstakes Office (PCSO)	', 3, '2018-11-07'),
(2147, '	GOCC	', '	Philippine Children’s Medical Center (PCMC)	', 3, '2018-11-07'),
(2148, '	GOCC	', '	Philippine Coconut Authority(PCA)	', 3, '2018-11-07'),
(2149, '	GOCC	', '	Philippine Crop Insurance Corporation (PCIC)	', 3, '2018-11-07'),
(2150, '	GOCC	', '	Philippine Deposit Insurance Corporation (PDIC)	', 3, '2018-11-07'),
(2151, '	GOCC	', '	Philippine Export – Import Credit Agency (PhilEXIM)	', 3, '2018-11-07'),
(2152, '	GOCC	', '	Philippine Fisheries Development Authority (PFDA)	', 3, '2018-11-07'),
(2153, '	GOCC	', '	Philippine Forest Corporation (PFC)	', 3, '2018-11-07'),
(2154, '	GOCC	', '	Philippine Health Insurance Corporation (Philhealth)	', 3, '2018-11-07'),
(2155, '	GOCC	', '	Philippine Heart Center (PHC)	', 3, '2018-11-07'),
(2156, '	GOCC	', '	Philippine Institute for Development Studies	', 3, '2018-11-07'),
(2157, '	GOCC	', '	Philippine Institute of Traditional and Alternative Health Care (PITAHC)	', 3, '2018-11-07'),
(2158, '	GOCC	', '	Philippine International Trading Corporation (PITC)	', 3, '2018-11-07'),
(2159, '	GOCC	', '	Philippine Mining Development Corporation (PMDC)	', 3, '2018-11-07'),
(2160, '	GOCC	', '	Philippine National Construction Corporation (PNCC)	', 3, '2018-11-07'),
(2161, '	GOCC	', '	Philippine National Railway (PNR)	', 3, '2018-11-07'),
(2162, '	GOCC	', '	Philippine Nuclear Research Institute (PNRI)	', 3, '2018-11-07'),
(2163, '	GOCC	', '	Philippine Ports Authority (PPA)	', 3, '2018-11-07'),
(2164, '	GOCC	', '	Philippine Postal Corporation (Philpost)	', 3, '2018-11-07'),
(2165, '	GOCC	', '	Philippine Reclamation Authority	', 3, '2018-11-07'),
(2166, '	GOCC	', '	Philippine Retirement Authority (PRA)	', 3, '2018-11-07'),
(2167, '	GOCC	', '	Philippine Rice Research Institute (Philrice)	', 3, '2018-11-07'),
(2168, '	GOCC	', '	Philippine Sugar Corporation (Philsucor)	', 3, '2018-11-07'),
(2169, '	GOCC	', '	Philippine Tourism Promotions Board (PTPB)	', 3, '2018-11-07'),
(2170, '	GOCC	', '	Phividec Industrial Authority (PIA)	', 3, '2018-11-07'),
(2171, '	GOCC	', '	PITC – Pharma Incorporated	', 3, '2018-11-07'),
(2172, '	GOCC	', '	PNCC – Skyway Corporation	', 3, '2018-11-07'),
(2173, '	GOCC	', '	Philppine National Oil Company – Renewable Corporation (PNOC–RC)	', 3, '2018-11-07'),
(2174, '	GOCC	', '	PNOC Development and Management Corporation (PNOC-DMC)	', 3, '2018-11-07'),
(2175, '	GOCC	', '	PNOC Shipping and Transport Corporation (PNOC-STC)	', 3, '2018-11-07'),
(2176, '	GOCC	', '	PNOC-Alternative Fuel Corporation (PNOC-AFC)	', 3, '2018-11-07'),
(2177, '	GOCC	', '	PNOC-Exploration Corporation (PNOC-EC)	', 3, '2018-11-07'),
(2178, '	GOCC	', '	Poro Point Management Corporation (PPMC)	', 3, '2018-11-07'),
(2179, '	GOCC	', '	Power Sector Assets and Liabilities Management (PSALM)	', 3, '2018-11-07'),
(2180, '	GOCC	', '	Quedan and Rural Credit Guarantee Corporation (Quedancor)	', 3, '2018-11-07'),
(2181, '	GOCC	', '	Radio Philippines Network (RPN)	', 3, '2018-11-07'),
(2182, '	GOCC	', '	Small Business Corporation (SBC)	', 3, '2018-11-07'),
(2183, '	GOCC	', '	Social Housing Finance Corporation (SHFC)	', 3, '2018-11-07'),
(2184, '	GOCC	', '	Southern Philippines Development Authority (SPDA)	', 3, '2018-11-07'),
(2185, '	GOCC	', '	Subic Bay Metropolitan Authority (SBMA)	', 3, '2018-11-07'),
(2186, '	GOCC	', '	Sugar Regulatory Administration (SRA)	', 3, '2018-11-07'),
(2187, '	GOCC	', '	Technology Resource Center (TRC)	', 3, '2018-11-07'),
(2188, '	GOCC	', '	Tourism Infrastructure and Enterprise Zone Authority (TIEZA)	', 3, '2018-11-07'),
(2189, '	GOCC	', '	Traffic Control and Products Corporation (TCPC)	', 3, '2018-11-07'),
(2190, '	GOCC	', '	Veterans Federation of the Philippines (VFP)	', 3, '2018-11-07'),
(2191, '	GOCC	', '	Water Districts	', 3, '2018-11-07'),
(2192, '	GOCC	', '	Zamboanga City Special Economic Zone Authority	', 3, '2018-11-07'),
(2193, 'PUP', 'SRG', 2, '0000-00-00');

-- --------------------------------------------------------

--
-- Table structure for table `tbl_attachement`
--

CREATE TABLE `tbl_attachement` (
  `ta_id` int(11) NOT NULL,
  `ta_attachement` varchar(255) NOT NULL,
  `tet_id` int(11) DEFAULT NULL,
  `cm_id` int(11) DEFAULT NULL,
  `su_id` int(11) NOT NULL
) ENGINE=InnoDB DEFAULT CHARSET=latin1;

--
-- Dumping data for table `tbl_attachement`
--

INSERT INTO `tbl_attachement` (`ta_id`, `ta_attachement`, `tet_id`, `cm_id`, `su_id`) VALUES
(1, '(Capstone) CTIMS (Final).docx', 49, NULL, 2),
(2, '[PM] Assign_01.docx', 49, NULL, 2),
(3, 'Ang-Bayani.docx', NULL, 9, 2),
(4, 'barangayit_db.sql', NULL, 28, 2),
(5, 'download (1).png', NULL, 29, 4),
(6, '', NULL, 30, 2),
(7, '1-change dbusername and dbpassword to ngas_sysadmin.sql', 1, NULL, 2);

-- --------------------------------------------------------

--
-- Table structure for table `tbl_comment`
--

CREATE TABLE `tbl_comment` (
  `comment_id` int(11) NOT NULL,
  `comment_tet` int(11) DEFAULT NULL,
  `comment_ref` int(11) DEFAULT NULL,
  `comment_user` int(11) NOT NULL,
  `comment_desc` varchar(500) DEFAULT NULL,
  `comment_date` date DEFAULT NULL
) ENGINE=InnoDB DEFAULT CHARSET=latin1;

--
-- Dumping data for table `tbl_comment`
--

INSERT INTO `tbl_comment` (`comment_id`, `comment_tet`, `comment_ref`, `comment_user`, `comment_desc`, `comment_date`) VALUES
(1, 1, NULL, 3, 'Lorem ipsum dolor sit amet, consectetur adipiscing elit. Aenean et urna massa. Donec feugiat purus in libero imperdiet tempus. Morbi faucibus ex a placerat euismod. Phasellus venenatis ante a vulputate lobortis. Praesent sollicitudin est id dapibus commodo. Morbi vitae tincidunt ante, at tristique ex. Aenean at pellentesque eros, laoreet interdum lectus.', '2018-11-08'),
(2, NULL, 1, 2, 'Pellentesque blandit sodales dolor, ac malesuada tortor tincidunt in. Nunc arcu odio, fermentum at libero non, blandit tempus nulla. Nullam condimentum vehicula turpis, quis vulputate eros vehicula sit amet. Praesent porta accumsan ante sit amet commodo.', '2018-11-09'),
(3, 1, NULL, 4, 'This error occurs when the computer\'s date is not in the correct format.', '2018-11-09'),
(4, 49, NULL, 4, 'Sample Comment', NULL),
(5, 49, NULL, 4, 'Sample Comment 2', '0000-00-00'),
(6, 49, NULL, 4, 'SAMpLE COMMENT 3', '0000-00-00'),
(7, 49, NULL, 4, 'Comment 4', '2018-11-09'),
(8, 49, NULL, 4, '', '2018-11-09'),
(9, 49, NULL, 2, 'SAMPLE COMMENT 5', '2018-11-09'),
(10, NULL, 4, 2, 'Sample Comment 1', '2018-11-09'),
(11, NULL, 4, 4, 'Sample SUB Comment 2', '2018-11-09'),
(12, NULL, 5, 2, 'asdfasdf', '2018-11-09'),
(13, NULL, 6, 2, 'COMEMMEMEME', '2018-11-09'),
(14, NULL, 6, 2, 'adsfasdfasdfasdf', '2018-11-09'),
(15, 49, NULL, 2, 'asdfasdfasdf', '2018-11-10'),
(16, 49, NULL, 2, '', '2018-11-10'),
(17, 49, NULL, 2, 'COMEMEMEMEMMEMASDFASDF', '2018-11-10'),
(18, 49, NULL, 2, 'eto na format', '2018-11-10'),
(19, 49, NULL, 2, 'FORMAT OH', '2018-11-10'),
(20, NULL, 9, 2, 'mali yan eto format boi', '2018-11-10'),
(21, 1, NULL, 2, 'Morbi faucibus ex a placerat euismod. Phasellus venenatis ante a vulputate lobortis. Praesent sollicitudin est id dapibus commodo.', '2018-11-10'),
(22, 1, NULL, 2, 'Morbi faucibus ex a placerat euismod. Phasellus venenatis ante a vulputate lobortis. Praesent sollicitudin est id dapibus commodo.', '2018-11-10'),
(23, 1, NULL, 2, 'Morbi faucibus ex a placerat euismod. Phasellus venenatis ante a vulputate lobortis. Praesent sollicitudin est id dapibus commodo.', '2018-11-10'),
(24, 1, NULL, 2, 'Morbi faucibus ex a placerat euismod. Phasellus venenatis ante a vulputate lobortis. Praesent sollicitudin est id dapibus commodo.', '2018-11-10'),
(25, 1, NULL, 2, 'Morbi faucibus ex a placerat euismod. Phasellus venenatis ante a vulputate lobortis. Praesent sollicitudin est id dapibus commodo.', '2018-11-10'),
(26, NULL, 9, 2, 'hindi, eto ung format ', '2018-11-11'),
(27, NULL, 19, 2, 'eto pa', '2018-11-11'),
(28, NULL, 19, 2, 'kala mo talaga', '2018-11-11'),
(29, 1, NULL, 4, 'This works perfectly!', '2018-11-12'),
(30, NULL, 29, 2, 'Thank you so much for the feedback', '2018-11-12');

-- --------------------------------------------------------

--
-- Table structure for table `tbl_comment_react`
--

CREATE TABLE `tbl_comment_react` (
  `tet_id` int(11) DEFAULT NULL,
  `comment_id` int(11) NOT NULL,
  `user_id` int(11) NOT NULL,
  `react` bit(1) NOT NULL
) ENGINE=InnoDB DEFAULT CHARSET=latin1;

--
-- Dumping data for table `tbl_comment_react`
--

INSERT INTO `tbl_comment_react` (`tet_id`, `comment_id`, `user_id`, `react`) VALUES
(NULL, 19, 2, b'1'),
(NULL, 27, 2, b'1'),
(NULL, 28, 2, b'1'),
(NULL, 29, 2, b'1'),
(NULL, 29, 4, b'0');

-- --------------------------------------------------------

--
-- Table structure for table `tbl_download`
--

CREATE TABLE `tbl_download` (
  `td_id` int(11) NOT NULL,
  `tet_id` int(11) DEFAULT NULL,
  `cm_id` int(11) DEFAULT NULL,
  `td_user` int(11) NOT NULL,
  `td_date` date NOT NULL
) ENGINE=InnoDB DEFAULT CHARSET=latin1;

--
-- Dumping data for table `tbl_download`
--

INSERT INTO `tbl_download` (`td_id`, `tet_id`, `cm_id`, `td_user`, `td_date`) VALUES
(1, 49, NULL, 2, '2018-11-10'),
(5, 49, NULL, 2, '2018-11-10'),
(6, 49, NULL, 2, '2018-11-10'),
(7, 49, NULL, 2, '2018-11-10'),
(8, 49, NULL, 2, '2018-11-10'),
(9, 49, NULL, 2, '2018-11-11'),
(10, 49, NULL, 2, '2018-11-11'),
(11, 49, NULL, 2, '2018-11-11'),
(12, NULL, 19, 2, '2018-11-11'),
(14, NULL, 19, 2, '2018-11-11'),
(15, NULL, 19, 2, '2018-11-11'),
(16, NULL, 19, 2, '2018-11-11'),
(17, NULL, 19, 2, '2018-11-11'),
(18, NULL, 19, 2, '2018-11-11'),
(19, NULL, 19, 2, '2018-11-11'),
(20, 49, NULL, 2, '2018-11-11'),
(21, 49, NULL, 2, '2018-11-11'),
(22, 49, NULL, 2, '2018-11-11'),
(23, NULL, 19, 2, '2018-11-11'),
(24, NULL, 19, 2, '2018-11-11'),
(25, NULL, 19, 2, '2018-11-11'),
(26, NULL, 19, 2, '2018-11-11'),
(27, NULL, 19, 2, '2018-11-11'),
(28, 49, NULL, 2, '2018-11-11'),
(29, 49, NULL, 2, '2018-11-11'),
(30, 49, NULL, 2, '2018-11-11'),
(31, 49, NULL, 2, '2018-11-11'),
(32, 1, NULL, 4, '2018-11-12'),
(33, 1, NULL, 4, '2018-11-12'),
(34, 1, NULL, 4, '2018-11-12'),
(35, 1, NULL, 4, '2018-11-12'),
(36, NULL, 29, 4, '2018-11-12');

-- --------------------------------------------------------

--
-- Table structure for table `tbl_error_type`
--

CREATE TABLE `tbl_error_type` (
  `tet_id` int(11) NOT NULL,
  `tet_error_code` varchar(10) NOT NULL,
  `tet_version` varchar(255) NOT NULL,
  `tet_name` varchar(255) NOT NULL,
  `tet_error_type` varchar(255) NOT NULL,
  `tet_description` varchar(255) NOT NULL,
  `tet_instruction` varchar(10000) NOT NULL,
  `rss_id` int(11) DEFAULT NULL,
  `su_id` int(11) NOT NULL,
  `timestamp` timestamp NOT NULL DEFAULT CURRENT_TIMESTAMP ON UPDATE CURRENT_TIMESTAMP
) ENGINE=InnoDB DEFAULT CHARSET=latin1;

--
-- Dumping data for table `tbl_error_type`
--

INSERT INTO `tbl_error_type` (`tet_id`, `tet_error_code`, `tet_version`, `tet_name`, `tet_error_type`, `tet_description`, `tet_instruction`, `rss_id`, `su_id`, `timestamp`) VALUES
(1, '001-1', '2.1/2.0', 'Error: 8114 Error converting data type varchar to date time', 'Software Error', 'This error occurs when the computer\'s date is not in the correct format.', 'Click the system clock – Change date and time settings\nFor windows 7\nChange Date and Time – Change Calendar Settings. Under the Region and Language Format:\nChoose English (United States). Click OK.', 1, 2, '2018-11-07 01:05:19'),
(2, '001-2', '2.1/2.0', 'Error: -2147217871 Query timeout expired', 'Software Error', 'This error occurs when the application fails to return the output at the given time.  The database must be re-indexed and the temporary data must be removed in order to fix this.', 'Execute the script on your eNGAS database. \n\nBefore executing the script, make sure that you backup your database first and the users are logged off from their account.\n\nNational Government Agencies - 5-Reindexing_combined_NGA_UACS_102116.sql \nLocal Government Units - 20-reindexing_combined_NGA_OLDengas.sql', 1, 2, '2018-11-06 14:59:44'),
(3, '001-3', '2.1/2.0', 'Database version is not compatible with your current EXE', 'Software Error', 'This error occurs when the eNGAS executable file / program version utilized is lower than the current database version. To fix this, make sure that you have applied the latest eNGAS updates (through scripts) and that the present EXE is also up to date.', 'Kindly execute the latest updates posted on the eTicketing system.', 1, 2, '2018-11-06 14:59:44'),
(4, '001-4', '2.1/2.0 1', 'Access Denied: You have no access in this module', 'Software Error', 'Users cannot access a specific module or those permissions while utilizing an option was limited to a certain extent.', 'You may do any of the following: \n1. Execute the 2-Security_sysadmin.sql \n2. Go to Security Program – Groups – Group Manager\nHighlight or click from the list of existing or pre-modified Group Names. Then, go to Permissions Tab\nThen, add the following controls / captions to the list and Save.', 1, 2, '2018-11-06 14:59:44'),
(5, '001-5', '2.1/2.0', 'You cannot access ___________. It is being accessed by________________', 'Software Error', 'This error usually occurs when a user suddenly got disconnected to the system or from the network while saving or editing a particular transaction. The system shows the last user / employee name who performed the JEV.', '1. Click Utility > Clear JEV Access\n2. Click Refresh List > Check All > Clear Access', 1, 2, '2018-11-06 14:59:44'),
(6, '001-6', '2.1/2.0', 'Error: -2147217900 ACCOUNT [Account Name] is already being generated', 'Software Error', 'This error usually occurs when so much temporary data are present to the database and the system itself could no longer recognize what account details to be processed. This error usually occurs when generating reports and to those whose forwarding balance', 'To clear this, go to:\nUtility – Clear AR/AP Temporary Tables\nClick Refresh List – Check All. Clear Access.', 1, 2, '2018-11-06 14:59:44'),
(7, '001-7', '2.1/2.0', 'Change User Password', 'Software Error', 'Users may anytime soon change their present passwords. This utility will also help to secure their accounts from unauthorized access just in case.', 'Go to Utility – Change Password\nType the Current Password\nThen, the New Password and Confirm Password\nClick OK.', 1, 2, '2018-11-06 14:59:44'),
(8, '001-8', '2.1/2.0', 'Component ‘SCGRID.ocx’ or one of its dependencies not correctly registered; a file is missing or invalid', 'Software Error', 'SCGrid.ocx system file is an integral part of Windows and vital to eNGAS program. The system itself will not function properly when it is not registered to the system.', '1. Extract the attached file. \n2. Execute the CopyRegisterDLL.exe as Run as Administrator.\n3. On the Source File field, click the ellipsis button and then browse or search for the SCGRID.ocx system file (within the same folder). \n4. Click Copy. \n5. Then, finally click the Register button. The system will then prompt that it is Successfully Registered.\nThen, browse or search for the SCGRID.ocx system file (within the same folder). Click Copy. Then, finally click the Register button. The system will then prompt that it is Successfully Registered.', 1, 2, '2018-11-06 14:59:44'),
(9, '001-9', '2.1/2.0', 'No unit cost in during the issuance of inventory items.', 'Software Error', 'Unit cost doesn\'t show up in the issuance of inventory items.', 'To address this issue, you may do the following:\n1.You must first receive such inventories by creating a ‘Receipt’ Transaction. Then, approve.\nThe next time you will Issue transactions the necessary amount should already be there.\n\n2.Also check the SL record for the necessary adjustments\nGo to system setup – account – subsidiary ledger account\nSearch for the account – maintain subsidiary details\nHighlight the SL. Click Edit. Fill in the required fields. Then Save\n\n3.Check your transaction date.', 1, 2, '2018-11-06 14:59:44'),
(10, '001-10', '2.1/2.0', 'There are_______SL extracted from excel file and ____________ SL not extracted from excel file.', 'Software Error', 'This error usually occurs during the importation mode through Excel file during JEV Preparation.', '1. Make sure that the SL codes both from the Excel file and to the SL Details of the Account actually exist. Check through the Subsidiary Ledger Account Window\n2. Check and make sure that the Subsidiary Type selected is correct.', 5, 2, '2018-11-06 14:59:44'),
(11, '001-11', '2.1/2.0', 'How to change Agency Name?', 'Software Error', 'An encrypted text is given by the roll-out team to be pasted in the Databuild-up. If you don\'t have it, kindly contact the technical team concerned.', '1. Login to eNGAS Databuildup\n2. Paste the Encrypted Text in eNGAS Databuild up > Agency Setup > AGENCY_NAME > Others 3. Click Edit.\n4. Click Save.', 1, 2, '2018-11-06 14:59:44'),
(12, '001-12', '2.1/2.0', 'How to change Agency Address?', 'Software Error', 'Changing of agency address', '1. Login to eNGAS Databuildup\n2. Agency Setup > AGENCY_ADDRESS > Others \n3. Click Edit.\n4. Click Save.', 1, 2, '2018-11-06 14:59:44'),
(16, '001-13', '2.1/2.0', 'How to change Chief Accountant\'s Name?', 'Software Error', 'Changing of accountant\'s name', '1. Login to eNGAS Databuildup\n2. Agency Setup > FRD_CHIEF > Others \n3. Click Edit.\n4. Click Save.', 1, 2, '2018-11-06 14:59:44'),
(17, '001-14', '2.1/2.0', 'How to change Accounting Division Name?', 'Software Error', 'Changing of accounting division name', '1. Login to eNGAS Databuildup\n2. Agency Setup > ACCOUNTANTOFFICE > Others \n3. Click Edit.\n4. Click Save.', 1, 2, '2018-11-06 14:59:44'),
(18, '001-15', '2.1/2.0', 'How to change eBudget database name linkage to eNGAS?', 'Software Error', 'Changing of eBudget database name linkage to eNGAS ', '1. Login to eNGAS Databuildup\n2. Agency Setup > BUDGET_DBNAME_LINKAGE > Others \n3. Click Edit.\n4. Click Save.', 1, 2, '2018-11-06 14:59:44'),
(19, '001-16', '2.1/2.0', 'How to change LGU Type?', 'Software Error', 'Changing of LGU Type', '1. Login to eNGAS Databuildup\n2. Agency Setup > LGU Type > Others (1 - Province, 2 - City, 3 - Municipality)\n3. Click Edit.\n4. Click Save.', 1, 2, '2018-11-06 14:59:44'),
(20, '001-17', '2.1/2.0', 'How to setup the automatic RPT/SET distribution in eNGAS?', 'Software Error', 'Automatic RPT/SET distribution is available in Cities and Municipalities only.', 'For the Cities, you will only setup the default responsibility center for the distribution.\n1. Login to eNGAS Databuildup\n2. Agency Setup > RPT_DEFAULT_RC > RESPONSIBILITY CENTER\n3. Click the ellipsis button and search for the RC.\n4. Click Save.\n\nFor the Municipalities, you will setup the default responsibility center and the sl for the province - due to lgu for the distribution.\n\nDefault Responsibility Center\n1. Login to eNGAS Databuildup\n2. Agency Setup > RPT_DEFAULT_RC > RESPONSIBILITY CENTER \n3. Click the ellipsis button and search for the RC.\n4. Click Save.\n\nProvince-Due to LGU\n*Make sure that you already have setup your SLs under due to lgu before doing these steps.\n\n1. Login to eNGAS Databuildup\n2. Agency Setup > Province_Due_To_LGU_SL > SUBSIDIARY \n3. Click the ellipsis button and search for the subsidiary (look for the one with the code 20201070-...).\n4. Click Save.\n\n', 1, 2, '2018-11-06 14:59:44'),
(21, '001-18', '2.1/2.0', 'How to activate an account?', 'Software Error', 'Activation of accounts', '*Make sure that you have an access to Utility > Account Configuration before doing these steps\n\n1. Login to eNGAS.\n2. Go to Utility > Account Configuration.\n3. Look for the account by clicking the search button at the bottom of the window.\n4. Click Modify.\n5. Click the \'Active\' checkbox on the upper right hand corner.\n6. Click \'Save\'.', 1, 2, '2018-11-06 14:59:44'),
(22, '001-19', '2.1/2.0', 'How to activate a transaction template?', 'Software Error', 'Activation of transaction templates', '*Make sure that you have an access to Utility > System Setup > Transaction Template before doing these steps\n\n1. Login to eNGAS.\n2. Go to System Setup > Transaction Template.\n3. Look for the template by clicking the search button at the bottom of the window.\n4. Click Edit.\n5. Click the \'Active\' checkbox on the upper right hand corner.\n6. Click \'Save\'.', 1, 2, '2018-11-06 14:59:44'),
(23, '001-20', '2.1/2.0', 'How to add templates in cash flow format?', 'Software Error', 'Addition of templates in cash flow format', '*Make sure that you have an access to Utility > System Setup > Accounts > Cash Flow Format before doing the steps shown in the file below.\n\nNational Government Agencies - AddTemplate_CashFlowFormat_NGA.pdf\nLocal Government Units - AddTemplate_CashFlowFormat_LGU.pdf', 1, 2, '2018-11-06 14:59:44'),
(24, '001-21', '2.1/2.0', 'Password Complexity Error', 'Software Error', 'This issue arises when the password encoded did not meet the windows requirement. This feature must be disabled for this error to be resolved.', 'Kindly follow the steps shown in the file below. PasswordComplexity_LocalSecurityPolicy.pdf', 1, 2, '2018-11-06 14:59:44'),
(25, '001-22', '2.1/2.0', 'How to backup database?', 'Software Error', 'Steps on how to backup database.', 'Kindly follow the steps shown in the file below.  HOW TO BACKUP DATABASE.pdf', 1, 2, '2018-11-06 14:59:44'),
(26, '001-23', '2.1/2.0', 'How to restore database?', 'Software Error', 'Steps on how to restore database.', 'Kindly follow the steps shown in the file below.  HOW TO RESTORE DATABASE.pdf', 1, 2, '2018-11-06 14:59:44'),
(27, '001-24', '2.1/2.0', 'Unnecessary subobjects', 'Software Error', 'There are unnecessary subobjects showing in the trial balance report.', 'Execute the script on your eNGAS database. \n\nBefore executing the script, make sure that you backup your database first and the users are logged off from their account. 40-Remove unnecessary Sub objects from TB.sql', 1, 2, '2018-11-06 14:59:44'),
(28, '001-25', '2.1/2.0', 'Element not found', 'Software Error', 'This error occurs when the a subobject that has subsidiary ledgers in it is deleted.', 'Kindly list down all the accounts that are having this error and send your latest database backup to the concerned agency.', 1, 2, '2018-11-06 14:59:44'),
(29, '001-26', '2.1/2.0', 'There is a problem in your database connection. Login failed for user______. ', 'Software Error', 'Failed in user login. ', 'Execute the script on your eNGAS database. \n\nBefore executing the script, make sure that you backup your database first and the users are logged off from their account. 1-change dbusername and dbpassword to ngas_sysadmin.sql', 1, 2, '2018-11-06 14:59:44'),
(42, 'AFRS-001', '2', 'How to access the Annual Financial Reporting System?', 'Software Error', 'Website of AFRS.', 'Go to  http://gas.coa.gov.ph/AFRSv2/login.php', 5, 2, '2018-11-06 14:59:44'),
(43, 'AFRS-002', '2', 'What is the basis of the Annual Financial Reporting System?', 'Software Error', 'Implementing guidelines of AFRS.', 'It is based on COA Circular no. 2015-002 dated March 9, 2015.', 5, 2, '2018-11-06 14:59:44'),
(44, 'AFRS-003', '2', 'Excel File for Uploading in AFRS', 'Software Error', 'Excel File for Uploading in AFRS', 'Kindly download the excel file attached.', 5, 2, '2018-11-06 14:59:44'),
(45, 'AFRS-004', '2', 'What is the recommended browser for AFRS? ', 'Software Error', 'Recommended browser for AFRS', 'AFRS functions at its best in the Google Chrome web browser. Some functions won’t work properly if other browsers are used. \n ', 5, 2, '2018-11-06 14:59:44'),
(46, 'AFRS-005', '2', 'Where can I view the tutorial video? ', 'Software Error', 'Viewing of video tutorial.', '1. Under Utilities Menu, click Online Tutorial. 2 . Click the System Walkthrough button', 5, 2, '2018-11-06 14:59:44'),
(47, 'URS-001', '1.5.23', 'Is there a user\'s manual for Unified Reporting System?', 'Software Error', 'User\'s Manual for URS', 'Kindly download the attached file.', 3, 3, '2018-11-06 14:59:44'),
(48, 'URS-002', '1.5.23', 'What is the minimum system requirements of URS?', 'Software Error', 'Minimum system requirements for URS', 'Kindly download the attached file.', 3, 3, '2018-11-06 14:59:44'),
(49, 'PFMAT-001', '1', 'Is there a user\'s manual for Enhanced Public Financial Management Assessment Tool for Local Government Units (PFMAT for LGUs) Software ?', 'Software Error', 'User\'s Manual for PFMAT', 'Kindly download the attached file.', 10, 3, '2018-11-06 14:59:44'),
(50, 'LIFT-001', '1.5.23', 'Is there a user\'s manual for LGU Integrated Financial Tools (LIFT)?', 'Software Error', 'User\'s Manual for LIFT', 'Kindly download the attached file.', 9, 11, '2018-11-12 14:54:50');

-- --------------------------------------------------------

--
-- Table structure for table `tbl_instruction`
--

CREATE TABLE `tbl_instruction` (
  `ti_id` int(11) NOT NULL,
  `ti_instruction` varchar(255) NOT NULL,
  `tet_id` int(11) NOT NULL,
  `su_id` int(11) NOT NULL
) ENGINE=InnoDB DEFAULT CHARSET=latin1;

--
-- Dumping data for table `tbl_instruction`
--

INSERT INTO `tbl_instruction` (`ti_id`, `ti_instruction`, `tet_id`, `su_id`) VALUES
(1, 'Click the system clock – Change date and time settings\r\nFor windows 7\r\nChange Date and Time – Change Calendar Settings. Under the Region and Language Format:\r\nChoose English (United States). Click OK.', 1, 2),
(2, 'Execute the script on your eNGAS database. \n\nBefore executing the script, make sure that you backup your database first and the users are logged off from their account.\n\nNational Government Agencies - 5-Reindexing_combined_NGA_UACS_102116.sql \nLocal Gover', 2, 2),
(3, 'Kindly execute the latest updates posted on the eTicketing system.', 3, 2),
(4, 'You may do any of the following: \n1. Execute the 2-Security_sysadmin.sql \n2. Go to Security Program – Groups – Group Manager\nHighlight or click from the list of existing or pre-modified Group Names. Then, go to Permissions Tab\nThen, add the following cont', 4, 2),
(5, '1. Click Utility > Clear JEV Access\n2. Click Refresh List > Check All > Clear Access', 5, 2),
(6, 'To clear this, go to:\nUtility – Clear AR/AP Temporary Tables\nClick Refresh List – Check All. Clear Access.', 6, 2),
(7, 'Go to Utility – Change Password\nType the Current Password\nThen, the New Password and Confirm Password\nClick OK.', 7, 2),
(8, '1. Extract the attached file. \n2. Execute the CopyRegisterDLL.exe as Run as Administrator.\n3. On the Source File field, click the ellipsis button and then browse or search for the SCGRID.ocx system file (within the same folder). \n4. Click Copy. \n5. Then, ', 8, 2),
(9, 'To address this issue, you may do the following:\n1.You must first receive such inventories by creating a ‘Receipt’ Transaction. Then, approve.\nThe next time you will Issue transactions the necessary amount should already be there.\n\n2.Also check the SL rec', 9, 2),
(10, '1. Make sure that the SL codes both from the Excel file and to the SL Details of the Account actually exist. Check through the Subsidiary Ledger Account Window\n2. Check and make sure that the Subsidiary Type selected is correct.', 10, 2),
(11, '1. Login to eNGAS Databuildup\n2. Paste the Encrypted Text in eNGAS Databuild up > Agency Setup > AGENCY_NAME > Others 3. Click Edit.\n4. Click Save.', 11, 2),
(12, '1. Login to eNGAS Databuildup\n2. Agency Setup > AGENCY_ADDRESS > Others \n3. Click Edit.\n4. Click Save.', 12, 2),
(16, '1. Login to eNGAS Databuildup\n2. Agency Setup > FRD_CHIEF > Others \n3. Click Edit.\n4. Click Save.', 16, 2),
(17, '1. Login to eNGAS Databuildup\n2. Agency Setup > ACCOUNTANTOFFICE > Others \n3. Click Edit.\n4. Click Save.', 17, 2),
(18, '1. Login to eNGAS Databuildup\n2. Agency Setup > BUDGET_DBNAME_LINKAGE > Others \n3. Click Edit.\n4. Click Save.', 18, 2),
(19, '1. Login to eNGAS Databuildup\n2. Agency Setup > LGU Type > Others (1 - Province, 2 - City, 3 - Municipality)\n3. Click Edit.\n4. Click Save.', 19, 2),
(20, 'For the Cities, you will only setup the default responsibility center for the distribution.\n1. Login to eNGAS Databuildup\n2. Agency Setup > RPT_DEFAULT_RC > RESPONSIBILITY CENTER\n3. Click the ellipsis button and search for the RC.\n4. Click Save.\n\nFor the ', 20, 2),
(21, '*Make sure that you have an access to Utility > Account Configuration before doing these steps\n\n1. Login to eNGAS.\n2. Go to Utility > Account Configuration.\n3. Look for the account by clicking the search button at the bottom of the window.\n4. Click Modify', 21, 2),
(22, '*Make sure that you have an access to Utility > System Setup > Transaction Template before doing these steps\n\n1. Login to eNGAS.\n2. Go to System Setup > Transaction Template.\n3. Look for the template by clicking the search button at the bottom of the wind', 22, 2),
(23, '*Make sure that you have an access to Utility > System Setup > Accounts > Cash Flow Format before doing the steps shown in the file below.\n\nNational Government Agencies - AddTemplate_CashFlowFormat_NGA.pdf\nLocal Government Units - AddTemplate_CashFlowForm', 23, 2),
(24, 'Kindly follow the steps shown in the file below. PasswordComplexity_LocalSecurityPolicy.pdf', 24, 2),
(25, 'Kindly follow the steps shown in the file below.  HOW TO BACKUP DATABASE.pdf', 25, 2),
(26, 'Kindly follow the steps shown in the file below.  HOW TO RESTORE DATABASE.pdf', 26, 2),
(27, 'Execute the script on your eNGAS database. \n\nBefore executing the script, make sure that you backup your database first and the users are logged off from their account. 40-Remove unnecessary Sub objects from TB.sql', 27, 2),
(28, 'Kindly list down all the accounts that are having this error and send your latest database backup to the concerned agency.', 28, 2),
(29, 'Execute the script on your eNGAS database. \n\nBefore executing the script, make sure that you backup your database first and the users are logged off from their account. 1-change dbusername and dbpassword to ngas_sysadmin.sql', 29, 2),
(45, 'Go to  http://gas.coa.gov.ph/AFRSv2/login.php', 42, 2),
(46, 'It is based on COA Circular no. 2015-002 dated March 9, 2015.', 43, 2),
(47, 'Kindly download the excel file attached.', 44, 2),
(48, 'AFRS functions at its best in the Google Chrome web browser. Some functions won’t work properly if other browsers are used. \n ', 45, 2),
(49, '1. Under Utilities Menu, click Online Tutorial. 2 . Click the System Walkthrough button', 46, 2),
(50, 'Kindly download the attached file.', 47, 3),
(51, 'Kindly download the attached file.', 48, 1),
(52, 'Kindly download the attached file.', 49, 3),
(53, 'Kindly download the attached file.', 50, 1);

--
-- Indexes for dumped tables
--

--
-- Indexes for table `r_details`
--
ALTER TABLE `r_details`
  ADD PRIMARY KEY (`rd_id`);

--
-- Indexes for table `r_request_error`
--
ALTER TABLE `r_request_error`
  ADD PRIMARY KEY (`rre_id`);

--
-- Indexes for table `r_sent_email`
--
ALTER TABLE `r_sent_email`
  ADD PRIMARY KEY (`rse_id`);

--
-- Indexes for table `r_supported_system`
--
ALTER TABLE `r_supported_system`
  ADD PRIMARY KEY (`rss_id`);

--
-- Indexes for table `sys_user`
--
ALTER TABLE `sys_user`
  ADD PRIMARY KEY (`su_id`),
  ADD KEY `FK_Agency` (`su_agency`);

--
-- Indexes for table `sys_user_role`
--
ALTER TABLE `sys_user_role`
  ADD PRIMARY KEY (`sur_id`);

--
-- Indexes for table `tbl_agency`
--
ALTER TABLE `tbl_agency`
  ADD PRIMARY KEY (`agency_id`);

--
-- Indexes for table `tbl_attachement`
--
ALTER TABLE `tbl_attachement`
  ADD PRIMARY KEY (`ta_id`);

--
-- Indexes for table `tbl_comment`
--
ALTER TABLE `tbl_comment`
  ADD PRIMARY KEY (`comment_id`),
  ADD KEY `FK_Comment_tet` (`comment_tet`),
  ADD KEY `FK_Comment_Ref` (`comment_ref`),
  ADD KEY `FK_Comment_User` (`comment_user`);

--
-- Indexes for table `tbl_comment_react`
--
ALTER TABLE `tbl_comment_react`
  ADD PRIMARY KEY (`comment_id`,`user_id`) USING BTREE,
  ADD KEY `FK_react_user` (`user_id`);

--
-- Indexes for table `tbl_download`
--
ALTER TABLE `tbl_download`
  ADD PRIMARY KEY (`td_id`),
  ADD KEY `FK_download_user` (`td_user`) USING BTREE,
  ADD KEY `FK_download_cm` (`cm_id`);

--
-- Indexes for table `tbl_error_type`
--
ALTER TABLE `tbl_error_type`
  ADD PRIMARY KEY (`tet_id`);

--
-- Indexes for table `tbl_instruction`
--
ALTER TABLE `tbl_instruction`
  ADD PRIMARY KEY (`ti_id`);

--
-- AUTO_INCREMENT for dumped tables
--

--
-- AUTO_INCREMENT for table `r_details`
--
ALTER TABLE `r_details`
  MODIFY `rd_id` int(11) NOT NULL AUTO_INCREMENT, AUTO_INCREMENT=11;

--
-- AUTO_INCREMENT for table `r_request_error`
--
ALTER TABLE `r_request_error`
  MODIFY `rre_id` int(11) NOT NULL AUTO_INCREMENT, AUTO_INCREMENT=2;

--
-- AUTO_INCREMENT for table `r_sent_email`
--
ALTER TABLE `r_sent_email`
  MODIFY `rse_id` int(11) NOT NULL AUTO_INCREMENT, AUTO_INCREMENT=16;

--
-- AUTO_INCREMENT for table `r_supported_system`
--
ALTER TABLE `r_supported_system`
  MODIFY `rss_id` int(11) NOT NULL AUTO_INCREMENT, AUTO_INCREMENT=13;

--
-- AUTO_INCREMENT for table `sys_user`
--
ALTER TABLE `sys_user`
  MODIFY `su_id` int(11) NOT NULL AUTO_INCREMENT, AUTO_INCREMENT=13;

--
-- AUTO_INCREMENT for table `sys_user_role`
--
ALTER TABLE `sys_user_role`
  MODIFY `sur_id` int(11) NOT NULL AUTO_INCREMENT, AUTO_INCREMENT=4;

--
-- AUTO_INCREMENT for table `tbl_agency`
--
ALTER TABLE `tbl_agency`
  MODIFY `agency_id` int(11) NOT NULL AUTO_INCREMENT, AUTO_INCREMENT=2194;

--
-- AUTO_INCREMENT for table `tbl_attachement`
--
ALTER TABLE `tbl_attachement`
  MODIFY `ta_id` int(11) NOT NULL AUTO_INCREMENT, AUTO_INCREMENT=8;

--
-- AUTO_INCREMENT for table `tbl_comment`
--
ALTER TABLE `tbl_comment`
  MODIFY `comment_id` int(11) NOT NULL AUTO_INCREMENT, AUTO_INCREMENT=31;

--
-- AUTO_INCREMENT for table `tbl_download`
--
ALTER TABLE `tbl_download`
  MODIFY `td_id` int(11) NOT NULL AUTO_INCREMENT, AUTO_INCREMENT=37;

--
-- AUTO_INCREMENT for table `tbl_error_type`
--
ALTER TABLE `tbl_error_type`
  MODIFY `tet_id` int(11) NOT NULL AUTO_INCREMENT, AUTO_INCREMENT=51;

--
-- AUTO_INCREMENT for table `tbl_instruction`
--
ALTER TABLE `tbl_instruction`
  MODIFY `ti_id` int(11) NOT NULL AUTO_INCREMENT, AUTO_INCREMENT=54;

--
-- Constraints for dumped tables
--

--
-- Constraints for table `sys_user`
--
ALTER TABLE `sys_user`
  ADD CONSTRAINT `FK_Agency` FOREIGN KEY (`su_agency`) REFERENCES `tbl_agency` (`agency_id`);

--
-- Constraints for table `tbl_comment`
--
ALTER TABLE `tbl_comment`
  ADD CONSTRAINT `FK_Comment_Ref` FOREIGN KEY (`comment_ref`) REFERENCES `tbl_comment` (`comment_id`),
  ADD CONSTRAINT `FK_Comment_User` FOREIGN KEY (`comment_user`) REFERENCES `sys_user` (`su_id`),
  ADD CONSTRAINT `FK_Comment_tet` FOREIGN KEY (`comment_tet`) REFERENCES `tbl_error_type` (`tet_id`);

--
-- Constraints for table `tbl_comment_react`
--
ALTER TABLE `tbl_comment_react`
  ADD CONSTRAINT `FK_react_CID` FOREIGN KEY (`comment_id`) REFERENCES `tbl_comment` (`comment_id`),
  ADD CONSTRAINT `FK_react_user` FOREIGN KEY (`user_id`) REFERENCES `sys_user` (`su_id`);

--
-- Constraints for table `tbl_download`
--
ALTER TABLE `tbl_download`
  ADD CONSTRAINT `FK_download_user` FOREIGN KEY (`td_user`) REFERENCES `sys_user` (`su_id`);
COMMIT;

/*!40101 SET CHARACTER_SET_CLIENT=@OLD_CHARACTER_SET_CLIENT */;
/*!40101 SET CHARACTER_SET_RESULTS=@OLD_CHARACTER_SET_RESULTS */;
/*!40101 SET COLLATION_CONNECTION=@OLD_COLLATION_CONNECTION */;
